-- Rodzaj --;-- Numer --;Histogram: Wariancja lab: tienta;Odchylenie standardowe lab: tienta;Krawędzie: Odchylenie standardowe rgb: zielony;Histogram: Wariancja lab: luminacja;Odchylenie standardowe lab: luminacja;Odchylenie standardowe rgb: zielony;Histogram: Wariancja rgb: zielony;Histogram: Skośność rgb: czerwony;Histogram: Kurtoza rgb: czerwony;Trzecia centroida klastra b*;Histogram: Kurtoza lab: luminacja;Odchylenie standardowe rgb: czerwony;Histogram: Wariancja rgb: czerwony;Krawędzie: Odchylenie standardowe rgb: niebieski;Histogram: Skośność rgb: zielony;Histogram: Kurtoza hsv: wartość;Histogram: Skośność hsv: wartość;Histogram: Skośność lab: luminacja;Histogram: Kurtoza rgb: zielony;Średnia hsv: nasycenie;Histogram: Kurtoza hsv: nasycenie;Histogram: Średnia hsv: nasycenie;Histogram: Skośność hsv: nasycenie;Histogram: Skośność lab: tienta;Histogram: Kurtoza lab: tienta;Histogram: Średnia rgb: zielony;Odchylenie standardowe hsv: wartość;Średnia rgb: zielony;Histogram: Wariancja hsv: wartość;Histogram: Średnia hsv: wartość;Średnia lab: luminacja;Średnia hsv: wartość;Odchylenie standardowe rgb: niebieski;Krawędzie: Średnia rgb: czerwony;Histogram: Średnia lab: luminacja;Histogram: Entropia rgb: zielony;Histogram: Entropia hsv: wartość;Histogram: Entropia lab: luminacja;Histogram: Entropia lab: temperatura;Krawędzie: Odchylenie standardowe rgb: czerwony
1;1;13.669007339725036;3.677605954046241;13.824320930324088;26.242351363504262;5.114277080173806;13.268183519593393;176.04469390960966;2.6856939038945384;4.610819617169191;-0.5259216696595935;5.031517475161104;13.097189216309598;171.53636536781647;13.998633030325347;2.6009891569289847;6.647297703987801;2.9681345768100784;2.742935258923554;4.092572926781943;0.10875065299328668;4.098094030220238;0.10883768756807725;2.5939063683308747;5.16838547596484;25.38741150221409;101.96907328228555;0.04713474309728792;101.96907328228555;0.0022299030121923644;0.4400968932386078;43.868887579461465;0.4399100410653261;11.855534350990766;124.85786528270623;43.86816179219977;5.035726297526624;4.953872558513203;10.261031815437851;10.261031815437851;14.276012152848429
1;2;8.990246820746576;2.9955935190930463;14.120888541930702;28.38102492486894;5.315403019241125;13.199813258731202;174.23507006537605;2.5703793877786962;4.053928078130526;1.9478889950050562;6.173925258094501;15.1761243211677;230.31474941153778;15.233395997449051;3.010993831528521;6.736897870636254;2.974684269260394;2.9178708351096088;6.801351049003307;0.10124282769157732;6.94512633075008;0.10132129703088781;2.911031875708794;6.585329934593672;45.436585322547884;106.45123502479801;0.04897009863254538;106.45123502479801;0.0024095262226189727;0.43626835473333836;44.73412996217762;0.4361020939581659;12.652987278280085;125.90231726200011;44.738574967977556;4.682856940657684;4.728490734799383;9.553163731072136;9.553163731072136;16.59357075147166
1;3;11.869682963421987;3.4222012157853863;14.246996990572915;21.859241178077692;4.659728742380536;12.37374189450345;153.10948847178983;2.8794574173286867;5.72239837152077;-2.8450487859335523;4.777427413358611;11.065643308255119;122.44846182553131;14.61728214853085;2.6590623105795377;6.797188299829164;3.0225873511051358;2.7316019568090004;4.361214012701103;0.09957732255700451;5.046807194226796;0.09964877156557417;2.755859187657829;5.36814256252251;27.565680999101836;103.87841437759872;0.042389114176444205;103.87841437759872;0.001802514658464147;0.4456019960342962;44.67141108166994;0.4454297638445695;11.068787508815273;127.02647661178013;44.674765600540475;4.6028783141534815;4.588828295963995;9.387941556243835;9.387941556243835;14.138925685016709
1;4;12.43499886800768;3.508995722630039;15.528786576663684;27.832436269598116;5.272720265757578;13.784140280321278;190.00252326757555;2.6510317655200772;4.350519523593067;1.6813528526838568;4.272905030428416;12.443668627599102;154.84488891349415;15.819294737422306;2.5588004313572505;5.718789682565436;2.839573137755959;2.631688456191902;3.905512653158154;0.10006050346278497;5.06623615019905;0.10015081569333935;2.740990599718877;5.479517431965033;29.28583914498872;100.86887604463794;0.04795210472081664;100.86887604463794;0.002309930740235784;0.42978150177651003;43.232078216891146;0.42959147628430233;12.378131858130558;123.37305301782237;43.22864434769554;4.600396315166961;4.5905919449754595;9.411315115508284;9.411315115508282;15.739645183971996
1;5;11.894527160102095;3.448432726173001;14.755537301994359;30.12441872620165;5.478076710795879;13.603944178678068;185.06729721658888;2.500495851610129;3.722102594923646;-3.1912392480290492;7.700275310019043;16.14006698535179;260.5017622916428;15.559981412991695;3.2275347576884705;8.472219480559499;3.1819297265525908;3.107264818311761;8.611406265198202;0.1185734364170629;4.90181715405346;0.11870736027468186;2.6087072346879427;5.704557725688646;32.49119050714497;107.4937270076573;0.04967973141763197;107.4937270076573;0.002480954146956746;0.439223778510505;44.93540266324292;0.4390266341165337;12.996731454614002;125.8847864691988;44.940376597542034;5.031187461675659;5.123019337393764;10.297881662757696;10.297881662757698;18.681557190227686
1;6;12.624985195079374;3.5526504870502733;13.16502563939859;29.967150687197616;5.458386397584092;13.514729633128756;182.64791705656853;2.63984082119907;4.569188214211828;3.2308983843825487;10.749515772864452;16.280329556404975;265.04913046515355;14.24715346018948;3.6901275750362577;11.94148747439428;3.631825881532089;3.496866609841185;12.267435704011165;0.11914977743995851;4.38463055224011;0.1192534064788622;2.5607167555303985;5.498955189557353;29.57657924773043;111.49284059516602;0.04955341496781753;111.49284059516602;0.002474117008293253;0.4506048815904031;46.36063632973714;0.4503205654730795;13.11308535275744;124.56118264186934;46.37117288915801;4.795448751407402;4.9187116597372835;9.91328346321364;9.91328346321364;17.86212762719143
1;7;12.000617392104566;3.4621681404448643;14.101591304840406;30.126126631804727;5.477532618559582;13.606144811696717;185.1271766368615;2.5317371131989;3.8957102064460116;-0.5367175955814217;7.2883997133225815;16.067385403552493;258.16087370629174;15.318159895974325;3.203252157787827;7.992463017809445;3.1313162826666474;3.0667102468375607;8.289318669118188;0.11593500695780479;4.985853913326053;0.11604611134374948;2.633343319020451;5.873247532002872;34.848061033418794;107.11646390872357;0.04996034205008534;107.11646390872357;0.0025089543998256998;0.4387244467889559;44.85137642431853;0.43855264023643475;12.998860608001126;124.16283073830375;44.856567562717196;4.90898589985189;4.980167186439333;10.083059023728964;10.083059023728964;17.541653896752404
1;8;11.113243393198623;3.3163380151444195;14.58341555103186;29.64022001946408;5.440063401127877;13.90012665274548;193.21352096236524;2.527697105607347;3.7052064901261277;-3.314534723645071;4.138470434145443;13.961440226464061;194.92181319712884;15.301247158965268;2.5855357453995325;5.353715422755313;2.7765372063757696;2.6048805357962803;4.058478551846466;0.10354065341958987;4.962853912200378;0.10360987033707668;2.693115586111925;5.845243508866675;33.99671497255811;100.94380588982318;0.050441390852504125;100.94380588982318;0.002555277422778563;0.42638998301858566;43.00397722902961;0.42622512574197857;12.689781627929436;123.4011269557606;43.001869715304686;4.973701680049864;4.967930615036982;10.094867124613632;10.094867124613632;16.048758410822384
1;9;10.665801092662324;3.2501378157072986;14.320600374454596;29.790667293021365;5.4572443596607;13.898722231280175;193.17447966228184;2.5798920067763347;4.063641738507782;-0.20055200662919512;5.125317203697136;14.296514496560375;204.39032675036097;14.902978444769944;2.706198805934759;5.941144691884615;2.8585476462559085;2.7551769405490174;4.851823580549063;0.10295219934402489;5.164025874578559;0.10299694483800063;2.709714741590207;5.9323668147907265;35.059209033174525;102.09694600409298;0.04954818338284758;102.09694600409298;0.00246720550781674;0.43000626774646816;43.44087254370469;0.4298444535676783;12.401404138471246;124.50517300086435;43.43589698740037;5.00289052723523;5.015239376882444;10.123092419185713;10.123092419185712;16.08376320587084
1;10;11.087146889597973;3.3210424408771204;15.068134239065053;33.72789030145435;5.796841158114281;14.577200408718813;212.49477175595194;2.4265760191090178;3.194467449950027;-0.5429821615542545;4.0255933086599205;15.370997164427623;236.26755382884204;15.53698705288328;2.6003297526967075;5.0171696504399215;2.718132814297552;2.569799203943106;4.218398501448303;0.10657111538230855;5.126057467757832;0.10665046723030959;2.6911520275735983;5.943866788536493;35.343709203457124;100.32351090204055;0.05246629507886309;100.32351090204055;0.002768493329448558;0.41976667090458325;42.51587277277512;0.4196144368370728;13.186518450655383;121.30245481252801;42.51937893331638;4.880031397011392;4.8862085887472775;9.917268933687678;9.917268933687678;17.039608159433858
1;11;10.29215315554159;3.2047304915909236;14.378588154140179;31.6769352148393;5.618060502321917;13.863478062622365;192.19602399281158;2.484256190868913;3.605494019725887;-0.5513233400075981;6.141411477065265;16.056302497573775;257.80484989359377;15.181536441301622;2.9466116135474305;6.742631470605563;2.961431517191205;2.897944331759363;6.420500392498779;0.11046547682841704;5.679402112893332;0.11052821250090811;2.7406269187995553;6.0677280259493696;37.48404560464832;104.53500705455907;0.05085720550654508;104.53500705455907;0.0026010525131438264;0.42807131413626576;43.84206807914681;0.42792306868194524;13.029170367385314;122.56818322194908;43.84517250213166;4.705945845470419;4.756527638138032;9.631626171516777;9.631626171516778;17.12543129209317
1;12;10.45538528003925;3.2295885400429243;16.245784211027424;31.225465287359956;5.587008429725319;13.773778798339421;189.71698238558454;2.4480770002766077;3.4183430367455747;1.7035986616272565;6.353114476116616;16.17297424241219;261.5650958457282;17.0407328674985;2.9573419781734818;6.727125388411896;2.95455189430722;2.936153297517862;6.528153855102154;0.1237347282789697;4.120660810559276;0.12382834662527431;2.499642283498469;5.9535543076277495;35.665517455202966;104.40516333922103;0.051234181764565234;104.40516333922103;0.002636504252269399;0.4295590465485558;43.71760858381143;0.4294080214826259;13.286751164213818;123.51149791991016;43.71404485361023;4.355210078097934;4.427067376113992;9.028237340082;9.028237340082;19.17967235932375
1;13;8.7131186772964;2.94441100821225;16.0682720370898;25.407415720097273;5.0275466718049175;11.997734854403925;143.94564163657876;2.4839015667095956;3.5537714290936737;-2.8080076771932094;6.241152319778317;16.03290334687712;257.05398973030356;16.677915991139283;3.063426977735909;6.986088678566823;3.018422573298304;2.942789915424739;7.090433568374523;0.12044353232066377;4.454697322010784;0.12052575128607465;2.53319953904086;6.028583547718323;36.16802645594604;107.80962122867301;0.04743469109954164;107.80962122867301;0.0022607756416403377;0.43984537311061234;44.98763153343987;0.4396865362229444;12.169678638359276;125.86275439168172;44.99437900967287;4.343493558301505;4.418588632284247;8.99830949071996;8.99830949071996;19.194832676481266
1;14;11.245055462786704;3.3327142156233682;14.614878742788191;25.84762287434893;5.069710014487425;12.94602968861128;167.59968469840462;2.5820532590765084;4.016727631745244;3.4546412530144335;4.8539501693046745;13.588546854854929;184.64860562658782;15.962282951426603;2.6686598754986903;5.617473666558292;2.8157337342034503;2.722444835440569;4.481828482066648;0.10684085179261403;4.741638383604518;0.10691175577341254;2.6673642531674613;5.846701414671263;34.084617836198056;103.43466922587882;0.05104240925197547;103.43466922587882;0.002611596618415346;0.44084941952047174;44.15746153912938;0.4406881384186178;13.0200334160606;128.6982613908873;44.160851747917604;4.877020554826283;4.885416185970009;9.949702877739218;9.949702877739217;16.865267243167935
1;15;9.91510207856717;3.1329914805818233;14.907509271505342;26.36742823557706;5.120819288825328;12.863497396801595;165.4695652775214;2.532953841489631;3.7467593821567435;-0.5431829547667525;5.240758024548075;14.208732703403545;201.88808503676933;15.807867989117174;2.732342602523392;5.759919238018513;2.833695170784707;2.7764369303855685;4.902419631775535;0.1023035493115567;5.575317112722962;0.10237177134405216;2.763802242120829;6.125513631023491;38.21353472369326;103.99057766578105;0.050739101649379954;103.99057766578105;0.0025822543977797353;0.437790709140212;44.16081208349984;0.43761923866215136;12.783818309485222;127.7760927463575;44.16289955901285;4.700578410625881;4.732212758252214;9.614104764034192;9.614104764034192;17.385687576304722
1;16;36.506819189531555;6.037564138256301;19.98000284052761;45.93732726495445;6.767259592633601;18.38400626711075;337.9716864291674;2.3371700364529935;2.764289254199885;0.7766618652561612;4.228588732374965;18.662080374908758;348.2732439195545;21.633798436922557;2.4814010107069726;4.923653601437375;2.667656616728077;2.5752051065690726;3.6242738650818547;0.12700978918362196;3.519795017431819;0.12702860965946486;2.4440427570911214;5.117693446407536;25.420219943350105;105.84435543274071;0.07096386630552151;105.84435543274071;0.005025221613871142;0.45538427340443627;45.29615486298737;0.45535579911702784;18.62542480631539;136.67532963780207;45.29975635588603;5.767110537586814;5.731735124102278;11.580276668645885;11.580276668645888;21.23121077363927
1;17;37.99524188998795;6.161576234372563;15.872522548866208;29.157816928589213;5.386701087160147;15.142130964009253;229.2841301312078;2.6912960288090977;4.595964545242271;0.72493128519481;6.4811232023788;16.899363144940622;285.5884747045775;17.997816858873893;2.9280871241354154;7.184687787252567;3.025014839402375;2.949302941361774;6.274611035372095;0.11321868583815926;5.545742924064134;0.11329688926286689;2.7373543061468673;6.458477744881521;42.150225073653445;98.99585660782775;0.06482346335750505;98.99585660782775;0.004200217741524426;0.41849344682897144;42.333638716286885;0.4183822304874824;16.514316350248762;121.6760317538583;42.33766767966282;5.1747731710354286;5.196273444062421;10.308518977036929;10.308518977036929;17.069100837305125
1;18;26.55943768661942;5.147873654973881;16.190032442498865;29.03856181618942;5.371848073519442;14.632530667259362;214.11095372828566;2.7411410248057084;4.910520018793903;8.652207135820314;6.019263004966218;15.186404110893124;230.6268698193516;18.18305941034866;2.901037174484352;7.139852695732429;3.031195545995455;2.8924940671291584;6.049225128808111;0.11117120014733976;5.2968742771180395;0.11124167917238383;2.714295394067625;6.1981584163325785;38.42223549917379;99.61597288568407;0.058997923786554954;99.61597288568407;0.0034836623439464974;0.42142807901101026;42.60177057755212;0.42129787633851673;15.797113086987371;123.65078044416077;42.60831539677297;5.563265436180273;5.555125983061571;11.155020067793778;11.155020067793776;16.844495373010993
1;19;9.594551814652421;3.0836497960632863;16.47951314280095;34.940283094116204;5.90144831011464;14.705481693522728;216.25119183853204;2.5209474665867924;3.715792197719269;18.722635576167082;4.0762857493878295;14.989836065387;224.69518526717678;21.109408002349568;2.5868967915664562;5.337076551382118;2.7577828697301157;2.585955269861904;4.043855964962703;0.21120166819225847;0.3162844737339259;0.21128342529535551;1.7483088977597019;6.6746420512764315;46.00785521679028;91.58637636493181;0.057061893296286685;91.58637636493181;0.0032658003156676085;0.39625770906861524;39.3219162922448;0.3961482646778257;18.224583750172016;120.5641974541366;39.32526884392968;5.6526133444704705;5.616202589527091;11.267210426059693;11.267210426059691;18.00967681594864
1;20;11.679265039346612;3.4091826823036904;14.958189184945645;27.09083768846656;5.1915281649576475;12.907258574891303;166.59732391910507;2.520977687193355;3.687200216110136;8.635266136421775;5.223183704445342;14.640777424992596;214.35236360817285;16.612613592955395;2.773092021960702;6.930591119450186;3.014358390876116;2.784441834861969;5.102939752591686;0.12943915028349243;4.087742996024877;0.1294631191093111;2.519572372016468;5.944148240324228;35.843372239431424;94.22005799667046;0.04835935945927197;94.22005799667046;0.002345819337326189;0.4026027614031386;40.147826355424456;0.4024833214291806;13.07700136970606;115.70822721632942;40.15155168110579;5.198971192820788;5.144161895866177;10.411144924353186;10.411144924353188;17.53039995980468
1;21;12.907096710847009;3.587014802855361;18.213468003055105;33.477794737922075;5.7750493551960815;14.293798809380863;204.3126844030578;2.439124141634627;3.2333661298804053;10.894951811778444;3.771691660397341;15.099695355842591;228.0007998392543;21.731435487227273;2.557348430660193;5.035544426916726;2.7147463392821187;2.5392984824632374;3.8494188723451295;0.153708643399468;2.837105779051549;0.1537689722213069;2.312436886922162;5.549179123441557;29.96966861702957;86.9580650476159;0.05664235714042864;86.9580650476159;0.0032193201376138117;0.37701970540745383;37.262657469085255;0.3769229506810508;16.820148730462087;112.37865460542756;37.26400303160115;5.098949769236199;5.072526037686449;10.23073115135067;10.230731151350671;19.653314413191435
1;22;5.010770362276939;2.214603618845256;15.703300679874472;17.11399592971961;4.120598680432663;10.442810719639173;109.0522957262108;3.2315930371740125;8.099507972971807;0.7800867839860718;9.047245324565976;9.831292117550142;96.6543047006035;18.320765808669496;3.4000426561330226;11.604399593120819;3.6001853413433267;3.3539197202689013;9.508539196239601;0.09256487321288166;8.721385570848115;0.0926211270863901;3.1768853157315093;7.284797273393762;53.677939712365415;102.25542295052875;0.038863019595500474;102.25542295052875;0.0015153344181590917;0.42320748707840417;43.528995444098115;0.4230944634662893;13.300406549822597;117.27389679039747;43.53539297179273;5.354137619935433;5.305534690634233;10.711827573401512;10.711827573401512;15.393353724596471
1;23;4.242827792813803;2.04841211485961;11.349446354190123;8.613020231263496;2.91394635366031;7.424653992584757;55.12548690960477;4.095498624386446;15.00747472871597;-0.5576100822079695;15.017565812478544;6.651842535005997;44.24700911051499;11.664730840400289;4.289550056338539;23.05182919941897;4.749895918571075;4.075265637340371;17.385351801242127;0.06306508633502173;13.927430628907121;0.06433807833646757;3.898205539707507;8.079243324702315;70.63891321151257;89.00053091126959;0.025470769811505558;89.00053091126959;0.000676500693244627;0.367097334778374;38.097183120195545;0.366742984295929;7.33370350399424;98.87292642163565;38.10079393584835;5.25022871348353;5.1186836796790605;10.400336655278842;10.400336655278842;10.799257281498626
1;24;3.666691032585458;1.9115563649050327;11.503860401653336;8.35965265817642;2.871669633154299;7.273851760401534;52.90891943229649;3.962404384072222;13.658784718503156;3.306682462002895;14.276425530971942;6.616556638552699;43.77882175117582;12.064999993256139;3.9909133828310566;17.101689062213953;4.273037413049437;3.988792552405658;14.074603344890733;0.0648921382058731;15.177870209892447;0.06607216718550481;4.020186200833994;8.182759771052014;71.61789957504942;88.07996561480233;0.025735232542516157;88.07996561480233;0.0006884930119638991;0.36240141379914703;37.65025061647925;0.36214244393703304;7.481986842528309;97.76240348320404;37.65296822707584;5.217370927924973;5.112773352123137;10.425312518161702;10.425312518161705;11.249902843262593
1;25;4.129463732177518;1.986872150794371;10.730837407642227;11.700921409432684;3.4153408095440425;9.000937698362984;81.0168794498119;3.4997095007778465;9.970756485951545;-3.024768156626148;11.456272074776221;8.456471415581674;71.51190880254991;11.56971000741033;3.643089282660516;13.00328290407337;3.828417755523385;3.6884807108388036;11.198864275025516;0.055668091837764604;13.202576640833986;0.05566549398439011;3.831154044159145;7.565913127401076;58.61779352713752;119.72746010683085;0.032689137412902275;119.72746010683085;0.0010606431465487146;0.48806660905897065;50.50606188107253;0.4881212843902927;9.307433652670024;132.01266831520584;50.50474108772696;5.428101792764365;5.349728334776305;10.86056681351616;10.86056681351616;10.79765700170508
1;26;4.175185003884081;1.9932697046979495;11.27697128813498;9.843109250441728;3.1458390705054144;8.400463964329617;70.56779481600041;3.798475500567966;12.467299296971042;3.2976762301167852;17.833283314344335;7.7318173974566875;59.78100026761391;11.902171702546768;4.066881384937685;15.401297829837684;4.13318895476983;4.341942804476718;15.151303679884737;0.05427583807061082;13.427598715951298;0.05426640455621342;3.8685819307688925;7.541277804622813;58.63893664251037;121.48698177382033;0.029554607540856658;121.48698177382033;0.0008656444782815981;0.4956764703932319;51.2525487502672;0.49578921545858196;8.5075579189294;134.62873166800966;51.23695956294297;5.1164412823970835;5.033545647356906;10.255393442153958;10.255393442153958;11.125526120657788
1;27;4.533565216485612;2.077380852618497;11.033452163096197;10.08636340360348;3.1515075020412446;8.465648954027005;71.66721221281853;3.9230283210317825;13.802755109159587;3.5811733121114;18.42075353761987;7.8873947659687955;62.21099619423193;12.422327908198037;4.289593593179546;17.07733366356383;4.284180123564985;4.339864703352202;17.67159444475108;0.05984060076784162;11.49378384076085;0.05986233191076308;3.6272697714763398;7.314049487887936;54.836131794546894;122.62849099440695;0.029375754750636616;122.62849099440695;0.0008583390671870598;0.502649235708769;51.73861282434371;0.5027922236231724;8.844631173244075;135.18000555703208;51.74749805747993;5.192824979733425;5.106941326379613;10.591472081580346;10.591472081580347;11.113214815728316
1;28;4.70433442259783;2.1226545814745887;11.358684160160193;11.569569232839783;3.396654120001531;9.017251140978981;81.31081813948674;3.5749968150307887;10.625012206838091;-0.5487510353016322;14.256409677450577;8.478339956694418;71.88224842128112;12.474476031426905;3.892413535955966;14.127063014456983;3.9746803286623136;3.9868906598178433;13.544772914740633;0.0600037641303804;12.357123547258773;0.05999026643459634;3.7168310422231756;7.377964863074949;56.31567807353366;120.36542375150623;0.031860536748242914;120.36542375150623;0.0010066869102719233;0.4928029990627929;50.805402541459046;0.4929053263292545;9.32368834224717;132.65111805052138;50.8015263087428;5.129593579741702;5.0461988015852;10.358135555413792;10.358135555413792;11.51970742599196
1;29;4.9303943165598;2.1764070793421224;11.396552378763925;12.121437064186035;3.4688677860521917;9.19315300854669;84.51406223855105;3.450027845648215;9.628022356909222;2.107498553224073;12.20975639228346;8.654728355861103;74.9043229137462;12.444829320166845;3.6017360459387877;14.243510531502807;3.9245035415130474;3.746691759778924;10.948195811811594;0.06377453733826452;11.696850058812586;0.06376618146069198;3.602947365835306;7.140842413697864;52.218254189395644;117.75209145974058;0.03300755083157204;117.75209145974058;0.0010855380814637605;0.48346001014809886;49.77692726870596;0.48345881656564726;9.450320126672013;131.48636610463078;49.77928202200869;5.072513758578032;5.005943653301183;10.231555776557428;10.23155577655743;11.546423895752788
1;30;5.114533321171353;2.219244471901784;11.189316656931057;12.065200617151076;3.4547270699076513;9.115564261274214;83.09351180141965;3.4007379071477346;9.266447698679354;-0.5429709602307227;12.52423569679171;8.92293651597615;79.6187960681406;12.535736387537716;3.6938675850470344;14.507640318723887;3.944287109356864;3.767602849824251;11.738655942794152;0.06552238071635375;10.990825038822548;0.06549206105043669;3.522807617992251;7.131131848358867;52.01132534987214;118.42800110524307;0.03351293638972254;118.42800110524307;0.0011170709713761507;0.4862805010055433;50.015100553700464;0.48631438412380806;9.595586958147685;131.61068292966556;50.0219125832493;5.162984002178753;5.105533145050452;10.451435041905606;10.451435041905604;11.797797401776931
1;31;5.078279684884408;2.204626404144293;10.743178983275898;11.257736027758583;3.3457797441455495;8.951607769701356;80.13128166257779;3.517506490107015;10.104555863796435;-3.0571038679687574;11.412243809330457;8.168847324208503;66.73006660622843;11.504679297003527;3.628213803690625;13.517780938048194;3.887533404681445;3.683492061064083;11.10258526714264;0.05858915434493627;12.311214151583412;0.058597184045561516;3.7072787058761194;7.135328686469837;52.66610505404871;119.53494927722518;0.031493615792573725;119.53494927722518;0.0009834092306616694;0.4898880638335739;50.523255119719884;0.4899592868461675;8.9507657807157;132.2636402707083;50.523126816824536;5.399337913038336;5.288762538897065;10.843815504188608;10.843815504188608;10.673738662029315
1;32;3.2974760842175166;1.799471458609528;10.825009632052238;10.424518940192932;3.244935958831738;8.223278999607736;67.6223175053896;3.4764403172316363;9.938408524406569;-0.558406806795491;19.670338472618475;9.2866799492142;86.24242447913707;11.904857612361377;4.214002427961421;14.120983945286728;3.973246785051061;4.469548319000161;16.789206973617127;0.053463219962170495;13.480502293384916;0.05353065286840121;3.870016524296888;7.9866660983401;65.8594147015761;122.10106524344936;0.03228176906267764;122.10106524344936;0.001035742672830711;0.4920095080028855;51.20811582658652;0.49209263270448755;8.875756987808426;132.3926588766778;51.18807730066008;5.051149317015399;5.080311279622112;10.190474096050767;10.190474096050766;12.413571058348452
1;33;3.0507759449880774;1.7235696869454868;11.116220116246694;10.623212542261955;3.2552467625319323;8.302346395081793;68.92895566392765;3.6961846495559545;11.794928617490095;-1.9262178990382461;19.785556421530714;8.991968645936481;80.85550012950473;11.96527047652452;4.304275280732503;14.342573612324326;4.010196441680621;4.471349960923448;17.85716870168336;0.049646900445411396;14.33782822804254;0.04971614440397186;3.998250635046957;8.079221338708495;66.43121490610818;122.48632179032982;0.03220434367993141;122.48632179032982;0.0010296531149514836;0.493700813332668;51.42072995928086;0.4938007721429441;8.854620640043134;133.58382415541195;51.416562297290554;5.1492326447717165;5.163871483142321;10.392475013771946;10.392475013771946;12.347040966559113
1;34;4.487885159095256;2.0715723285406473;11.580215617936188;11.174830418205488;3.3195224939039507;8.857242918737624;78.45075212152777;3.689508207805701;11.451428354043838;-0.5653068018714258;12.046050769251275;7.836852102245946;61.41625087247671;11.63634441958975;3.7388668139092784;15.839794201953001;4.103212724406776;3.7333833772324247;12.062760859642912;0.04839300336149989;14.506293355227985;0.048467754290519485;4.016209525147012;7.484511111954704;57.7841822593959;119.27042954560156;0.030740243687997795;119.27042954560156;0.0009376134085167523;0.48523521681549997;50.360861997730964;0.48528253233890595;8.440560006337066;131.96934417895272;50.372009573450356;4.990794382703007;4.944018352045414;9.894839896544394;9.894839896544394;11.082249802956607
2;1;36.47832394518138;6.0325923915931785;10.521720646143171;12.0700587583642;3.4755614156792;11.926350955916439;142.237847123689;3.105793972592513;7.208269322428496;66.9085949827644;11.898332786308313;13.219001148410607;174.74199136168096;11.624058061429073;3.427717848475506;11.128675971454706;3.6014143451685565;3.727968795032718;9.45637020904854;0.07702503288655407;7.940570950688782;0.07701669166276601;3.163202930184351;5.358550173608614;27.556185714460806;119.2302570617961;0.048868683580984465;119.2302570617961;0.002374669437063384;0.4941945524424533;50.58603561314782;0.4942508596914134;12.252239990885089;131.01274232853626;50.57710580196084;4.41181878419196;4.410211786663791;9.356011016461407;9.356011016461405;12.41270172331067
2;2;34.549713013045455;5.8723294814901585;11.341969540276926;11.972205436142463;3.442649825329749;11.455809710801452;131.23557613009285;2.9451305527669804;6.197682618457579;66.9044370431799;12.351961539807093;13.315140815887382;177.29297494691008;12.023536388003611;3.4552310304467264;12.027275279076475;3.7081459895869022;3.741066547248782;9.785172487019826;0.07872350666398839;7.57452613684524;0.07873336401449685;3.099129037137384;5.203423917244947;26.21143559119673;121.09860158925092;0.045410122737546695;121.09860158925092;0.0020503861397042503;0.49481043543074094;50.94339387928314;0.4948915617526309;11.41434623594757;134.5221765622786;50.95111815332745;4.5116013191706985;4.593538342134475;9.54896523238822;9.54896523238822;13.849250010607554
2;3;33.03192043429931;5.7395518321607994;10.532749928493866;12.225207089766027;3.491564579808501;11.554837794467648;133.51427645645796;3.0385443064993893;6.764312691421804;66.89910578305476;12.936898921088972;12.910477478212183;166.68042871542406;11.681839277472847;3.501208176022801;11.46114893808618;3.6374201910560346;3.8379991683571215;10.061981500639392;0.0805410949865096;7.087476697888327;0.08051868410171595;3.048437015959995;5.186989994134791;25.566479962963633;119.7048713045276;0.046832834582407896;119.7048713045276;0.0021813644981657086;0.4970059696092619;50.758284925381744;0.49707864621926523;11.867145106696531;131.3986507987017;50.753545586107094;4.5155286921270426;4.516962572621035;9.666095754683758;9.66609575468376;12.82212350213435
2;4;39.88500910966881;6.311680590752877;11.850620102066049;10.852928243293379;3.273073708521711;11.76192190841054;138.34280697954785;3.0096835875181545;6.566251343476951;66.88948638493025;13.03904454396611;13.574870447588554;184.27710766881304;12.504363804527758;3.644130501191281;13.636151851980863;3.8957727453570627;3.8302501351371876;11.30869297826471;0.07619550925517661;8.045334406773632;0.07621150157667177;3.1740977611728884;5.346755709963608;27.922240774168504;122.11387796235493;0.046491801461777955;122.11387796235493;0.002147803213734386;0.4987165566789116;51.37545964075013;0.49881145657405496;11.69593752106767;135.8535775099329;51.387347615487144;4.378594639303523;4.461437281391112;9.24293529104654;9.242935291046539;13.750862504987014
2;5;35.615497032626116;5.963615402659801;11.272528868921391;11.467124057284067;3.363733533024959;11.540431504870247;133.18155931860173;3.094053848953866;7.134973643407516;66.89887483260091;13.1934820697089;13.160183250141346;173.1904231773009;11.890955385297598;3.6202044928929715;13.505162283541797;3.872618251396367;3.8530555609158497;11.014936533845814;0.07262515003886102;8.547117025297986;0.0726408699793976;3.2505462308355098;5.32614480137411;27.593605319555486;121.93347199792566;0.04600543375091429;121.93347199792566;0.0021042083409352473;0.4997099458024368;51.42865884406856;0.49980836632874676;11.548277998159715;133.99621140110264;51.438745198174814;4.407248932631936;4.472441770272352;9.396965636424559;9.39696563642456;13.979936866343659
2;6;35.63190435733992;5.963037345625774;10.408304010772975;10.420181468875203;3.205310603457702;11.368083090699825;129.23331315705528;3.138519186598991;7.449835757905165;66.9031963056926;12.780228042800786;12.8334142943931;164.69652245153313;11.3702670106698;3.5998909473803056;13.330650324911424;3.8477704106798796;3.814557038431035;10.801661764120785;0.07369344696739782;8.280776833570602;0.07370257735765455;3.2133677580448614;5.340412917274366;27.51312448381177;121.77552027176722;0.04580113098500088;121.77552027176722;0.0020848773535407364;0.5018054058045935;51.490199130379516;0.5018985883101941;11.624465146810111;133.52802846006958;51.50044900672033;4.395307035905161;4.441320294851189;9.413494354391839;9.413494354391839;13.029240318821188
2;7;34.49377237036294;5.869347378498404;11.387718629818426;10.79880350598598;3.2702966313434034;11.337157963548846;128.53115069045901;3.0834783322693986;7.02989085525045;66.8969542799795;13.11134822182073;12.80536544864142;163.97738427325945;12.25974914746336;3.6972863696769904;15.791374056449207;4.080575694582981;3.8716688826008157;11.768508431422292;0.07320923059718688;8.068875754457077;0.07322100942648882;3.1873903455962385;5.461072138381735;29.685129861751925;122.95786258486764;0.044413523796669505;122.95786258486764;0.0019603869397113918;0.5022195313870709;51.75884449357069;0.5023275002999201;11.370459520140564;135.33178689015264;51.765361242403785;4.482984899516992;4.5749549438662145;9.612721088997661;9.612721088997661;13.789335039730318
2;8;37.71043518857298;6.13979955946305;12.062765433801905;11.230815715706747;3.334162523387266;11.605768561788324;134.69386390979423;2.9281436699967287;6.0299104011668625;66.89978101048075;11.968268485110741;13.818817229635403;190.95970962606827;12.71861996770493;3.5935238564356013;12.19051319907706;3.750490562865695;3.7145666288222507;10.858300920686123;0.0769207300452249;7.762800789856078;0.07694403231638137;3.129837240327244;5.549467862678479;30.316905505440282;121.43484359220517;0.046174245064290506;121.43484359220517;0.0021188257318511417;0.4933510167441745;50.981140739500304;0.493414992138942;11.441702857513114;136.55526231199985;50.988442405276345;4.463698625283832;4.552393893219891;9.358380520073979;9.358380520073979;13.418561919350815
2;9;36.490249983413435;6.03824069536156;11.760403876544649;11.200302791221269;3.324379949080746;11.489174591129263;132.00113278545027;2.9403122321501076;6.083229141465436;66.88933624218627;12.177800255849322;13.540700769858903;183.3505773388575;12.485182328755187;3.6673037341763526;13.25116875559814;3.8476406227112383;3.732084645620206;11.630189904476719;0.07649636673489689;7.439740001070966;0.07653671395373036;3.0893589349019437;5.494818943705397;29.81837713473731;122.26031875411883;0.04563570455680225;122.26031875411883;0.002069642059316566;0.49756182581249353;51.34407478562366;0.497655063551063;11.483410868457977;135.0660605674617;51.35613286624351;4.466787316515001;4.574348579046952;9.384897843080072;9.38489784308007;13.837296186975937
2;10;25.394605824596542;5.035270005063843;11.030600679950547;10.935131792997582;3.28739748592543;10.380737701928508;107.75971523623993;3.0398272599104126;6.74906932428596;66.90137930680166;11.676375127537405;12.307329976777911;151.47037115729623;11.589555569522306;3.637113891289143;12.71874772766297;3.814280797686927;3.6903644614166895;11.147392921804105;0.0711549703773747;8.420243101988659;0.07117176331238134;3.2308867330397057;5.656400859227628;31.39730123719194;121.81538637709632;0.04050781242843593;121.81538637709632;0.001631498762346219;0.4943025906383466;51.121185345255995;0.4943492025800243;10.118680817412807;137.451051259022;51.13010000053677;4.818272103320064;4.917371920189164;9.975862822536037;9.975862822536037;12.788983174615742
2;11;26.08008648954629;5.1034609272397375;10.78416243785664;10.789639369671757;3.2645749679432456;10.4046610780748;108.25697214960466;3.022295352717464;6.615679990938585;66.89414168268239;11.565453993257062;12.303442876233387;151.37470660873808;11.421465958354975;3.679356898943069;13.47147240234418;3.8903099170740827;3.6823944353445954;11.539185461775155;0.07227914357741276;8.111776594107674;0.07230160245212273;3.1897496626268724;5.5950330623943465;30.680061501342436;122.3876212464477;0.0404393699281068;122.3876212464477;0.0016251021545839967;0.4970989997730849;51.36024279191197;0.49717677624861367;10.186700940455399;137.4972511444215;51.370265850733155;4.779454709007095;4.883067649196145;9.950643233332013;9.950643233332013;12.659584190648179
2;12;39.20739444703403;6.25743612355724;12.036943199431247;12.175666240491532;3.467030466982559;12.006507467116085;144.15622155791436;3.032173573133847;6.831750571246875;1.7586310717470863;13.881770243472047;13.869189494481734;192.35441723384255;13.155058410575842;3.809615467803509;16.19000253317941;4.093150498244519;3.919057941426438;13.061801186552522;0.07800734791565013;7.12861475156023;0.07803828830220388;3.0603691679740392;5.552600701175158;31.01912983666311;122.2656857232887;0.04755148218875555;122.2656857232887;0.002250245712280942;0.5024751468943658;51.549705170738655;0.5025894428917544;12.113784159442908;134.80447288475213;51.56367585001019;4.467055389459719;4.570376575169909;9.45744338463052;9.45744338463052;14.530488409938167
2;13;39.03981301343514;6.242178583990991;11.84306798861501;12.208683094582293;3.4728083722399696;11.965213523848405;143.16633467128477;3.04974095995143;6.982126502951859;66.90867436516137;15.514734199860033;13.880261072811141;192.6616474493963;12.793582892370324;3.763921254367617;14.305347442884134;3.944462823603293;4.038761656296631;12.616091067599688;0.07766050152040987;7.3634373289302;0.07772290276614091;3.083297940529718;5.499306857875937;30.2190468074839;121.71743225309302;0.04761195242024915;121.71743225309302;0.002254910966369349;0.5000880663922747;51.324690961800876;0.500191374121759;12.048559773136484;134.20727714900383;51.33708023215279;4.466196027741243;4.559851522323911;9.404724308862727;9.404724308862727;14.624009710417857
2;14;27.102346144407814;5.1998546874877425;10.705218843102696;10.986942544065807;3.3062880917814983;10.474402533363996;109.71310843094209;2.976069485399348;6.329363250862386;1.8197482569738332;12.166435514505611;12.64104184325497;159.79593888292297;11.267220063932282;3.5893180866542678;12.195039855335308;3.751311039652103;3.7504417789760165;10.799497819861184;0.07536995075376636;7.690219041533684;0.07538783204380943;3.1225250694592757;5.547020880541413;30.07620338549264;121.14559027823346;0.0412511625015666;121.14559027823346;0.0016910164761917846;0.4926084784242999;50.845449168515515;0.49266453730429466;10.246834200516737;137.23128342245988;50.845162457513204;4.864302592034857;4.975378166556288;10.00229677275387;10.002296772753871;12.603943096689912
2;15;48.821145566584825;6.9828569320230836;12.709222471616826;12.674866917022685;3.549055412898995;12.716181564728199;161.70127358713333;2.7818276184724002;5.139456025960415;66.90046331232443;10.926132637750849;15.553015710713193;241.89629769769144;13.801144811978237;3.5194358302363016;11.683084091484927;3.6660770266383085;3.6055452306067615;10.376134094463838;0.09151640912330894;5.368460415815873;0.0915447947947948;2.775661153805912;5.351078703764232;28.05519366870597;119.53505588922256;0.05152680354985712;119.53505588922256;0.002637217482871524;0.49113292459125796;50.2936098977487;0.49119824072414736;12.757352547553396;134.61865085417938;50.29828161494828;4.423773880908706;4.524730620336673;9.20309720264109;9.20309720264109;14.615307833673334
2;16;53.57846408636535;7.318069965578249;13.049223962735345;12.618165189271721;3.533747851331319;13.181819669825822;173.7603698078069;2.8115285200976485;5.2841985975328996;66.90032871947268;9.11153925526492;15.859855474198545;251.53501566246555;13.78275348731164;3.4153027945703407;11.019054486379996;3.58010295379693;3.3888232075920866;9.409380659951792;0.08532535855697451;6.626045584715461;0.085356031157755;2.956780904859261;5.592708201448667;30.75860509623182;118.57811313543768;0.05425976635829685;118.57811313543768;0.0029253804058616776;0.4863283281118784;49.95512857552085;0.4863839971743197;13.144791709480655;134.2617410961432;49.964469800210196;4.338014611895025;4.4264962818560525;8.937599213783416;8.937599213783413;14.230120621334256
2;17;17.364749430961787;4.158017513486426;9.927464310886917;11.139405853830802;3.3198244400413484;9.694153732255941;93.97661658461176;3.088475726045272;7.095094689622467;66.90158319571485;9.276794092966554;11.434632524162371;130.75082096263193;10.37938861578532;3.396945086052348;11.060296510326955;3.6097541326573337;3.414079087229232;9.120229935806217;0.06489409059932232;10.302303962232838;0.06491879347787705;3.4632669855984863;6.024650942166135;36.05576139330573;120.58539430241181;0.03800965899790531;120.58539430241181;0.0014375481481278605;0.489839418764787;50.68750498778244;0.4898521111727585;9.39175755633884;136.130349134764;50.69527636039408;5.148631248975958;5.2048505319536975;10.531003255989729;10.531003255989729;11.977967388558897
2;18;18.307940617954344;4.268239983576875;9.98037768591449;10.73313457760836;3.2581373260300954;9.647546731957732;93.07515794530832;3.087047619866567;7.077094244003614;66.89526458007553;9.63223428374394;11.447146716835315;131.03716795675354;10.345653843685831;3.428596493415971;11.365327445219597;3.6483288016344444;3.461649782548775;9.360742318196824;0.06508797261734324;10.225413646808871;0.06510100633977241;3.455292374392206;6.010999362177811;35.988220654337724;120.62487357691448;0.037961675944558515;120.62487357691448;0.0014335037226674214;0.4905678648732406;50.71736190859881;0.4905777724022053;9.369992637474668;136.23146759782273;50.72511717408069;5.086129917279501;5.13457185035406;10.368617973894079;10.36861797389408;11.956524286187816
2;19;21.694416315871052;4.6522440963955844;10.396728897597171;10.382313314006076;3.2252366300073865;9.923299031205888;98.4718636627317;3.080406861511927;7.068923897631807;66.89689842823753;12.014989654289339;11.644202922221803;135.58746169387874;10.91267582999178;3.623426710344319;13.648994847806286;3.8881092850107493;3.763311456260921;11.019825400553476;0.06987869260210114;8.945245397917732;0.06988615050660808;3.2988828275936526;5.62816090288257;31.010033121805627;123.50715472227553;0.03828978642633497;123.50715472227553;0.0014558387072389717;0.5005443770143544;51.785964536128745;0.5006621505935787;9.702603972265193;137.91263602632955;51.77795080177098;4.8701021426009605;4.9675778575701255;10.193784356265986;10.193784356265985;12.411564263983662
2;20;21.071613750513308;4.583666196489182;10.070907369311602;9.731155513946746;3.1097249866692405;9.634811126776263;92.82958544865171;3.1231185630970884;7.3354314603683335;66.89954538600468;13.725236490707957;11.476684092761337;131.71427776504106;11.123115201272418;3.743379487718891;14.671398920394132;3.974689696971892;3.9359298786171255;12.022932445323915;0.07021283531225472;8.616607377367696;0.0702301168709824;3.2662631143023124;5.693603415138889;31.817140593833166;124.50719274777006;0.03754952217814451;124.50719274777006;0.0014025470643305386;0.505890075412163;52.22511172250116;0.5060336838376039;9.641773931881954;139.3279767406951;52.22466008363244;4.943884736436307;5.034462754657453;10.407276243027288;10.407276243027288;12.259326514087062
2;21;22.717773029155396;4.7603099703227825;9.96169934510727;9.736293153610632;3.1149074047946406;9.848807395790066;96.99900711936911;3.1360107504373893;7.433661423512836;66.8930804460312;14.547125183207758;11.62423919468137;135.1229368551666;10.730154212610264;3.7577787005796046;15.392536667863766;4.041625270706219;4.019834309593177;12.168879992804355;0.06852994413291628;8.980100128506914;0.06854414123300724;3.3172767169424513;5.693868244667439;31.88451465438292;124.57185933514431;0.0384609240673686;124.57185933514431;0.0014702753496578945;0.5052498091365872;52.24564351558314;0.5054023078126638;9.804854635081018;138.59277315744194;52.24302534784487;4.811119038115907;4.919100613713665;10.148073080534836;10.148073080534834;12.2128362941176
2;22;25.231222698481243;5.020551713399798;10.308509093431317;8.675328668311796;2.9396727545790853;9.803480415907813;96.10822826508803;3.0905815904393688;7.048741360069377;66.8951649251617;13.687166387191546;11.483181916220515;131.86346692101384;10.983907115889682;3.7478215620755497;15.273775634438074;4.049428137217072;3.945585759951231;12.012345093725747;0.06890524172189731;8.900104413301582;0.06891909313334765;3.300278153909529;5.556161077249828;30.21092677260294;124.86271027260062;0.03808015694440773;124.86271027260062;0.0014388543688168;0.5046127761181615;52.295370727257875;0.5047674224694861;9.724272565433777;138.50856978085352;52.291515626191284;4.620531811418302;4.737221957958528;9.813736081030807;9.813736081030807;11.88891618033112
3;1;17.610513807134364;4.192622985741815;13.623900904525476;34.41396848892529;5.854280936654726;14.932903787037315;222.99161551291343;2.3646235000211955;2.9058838779653637;-0.9020937915605562;4.232969416819739;18.02397586353001;324.86370592911237;14.554769852354983;2.663180510926308;5.226953469292734;2.743947841204672;2.611379421034948;4.484977212037781;0.11043676481518762;4.594889281051383;0.11045849431526128;2.640173432089263;6.3115107994769435;39.439519910541556;111.06898593422437;0.06099796658860166;111.06898593422437;0.0037129217974139496;0.4515710556553943;46.38881834840493;0.45151232878085806;15.479631857745904;126.92765947661316;46.39538441118027;5.617648552850706;5.659990413455763;11.385998639878544;11.38599863987854;17.144581493553535
3;2;71.8885189558101;8.480494583773563;17.644146841038463;29.44069830926051;5.4141630134795244;16.963286107118172;287.7530755519484;2.148400275495171;1.799894536602702;66.90125118860676;5.19671378215336;21.748116359381637;472.98056518120313;17.873465213814267;2.798628656686091;6.391852048336428;2.925687482859374;2.7677739642148493;5.4121130151010295;0.14327164314273413;2.2899101008831337;0.1433000214168707;2.203067308150301;4.762956490206798;21.71477340587514;115.1065113075289;0.06866498321243898;115.1065113075289;0.0046920399960244125;0.47769522635316997;48.26011104987408;0.47769434618446827;16.59396350272804;134.85025220680959;48.26606410011519;4.4976329887117705;4.559402277687286;9.45035954978068;9.450359549780678;23.280963288764475
3;3;78.65699751260215;8.872034825228662;17.753157235666666;30.598843489546333;5.5297926533337405;17.451829496304747;304.5663527680924;2.129379602170537;1.7247073539123257;66.8951730347448;5.20282494901142;22.842812581062105;521.7940866135291;17.97004954013359;2.702382098038155;5.59715369174179;2.814535252874241;2.7575902806606476;4.822428201185;0.14331453504388622;2.3070581370684122;0.14331120733464675;2.2016437471581796;5.201135997511277;26.666181205486016;112.4465182008674;0.0723145355231499;112.4465182008674;0.005200960138409984;0.47148986752246846;47.397552565855904;0.4714861062597001;16.98584346608201;135.96041368090792;47.39666334834699;4.483229440527884;4.534544378165495;9.377226173944965;9.377226173944967;22.28986655273203
3;4;74.81417305135481;8.653583321423097;17.639156854215198;31.01365899760349;5.5643950560709;17.29211480065302;299.0172342789634;2.1391857540710504;1.7726374099530675;2.9242056598010895;4.971140497264613;22.61753719117504;511.5529885941862;18.047537465526943;2.7154312099874045;5.783858581127852;2.8347705718138942;2.730403293939813;4.895133911059044;0.1467465466010916;1.9178242044518568;0.14676090039567158;2.1320804142173606;5.088731633036674;25.34070900329012;112.07426451065594;0.07166976869505594;112.07426451065594;0.005110806361422532;0.4716256532466438;47.253638420326176;0.4716150691177687;17.0468546700813;134.69870371044678;47.25446344732905;4.548613108304464;4.580730298806996;9.40992595004395;9.409925950043952;22.541433142752823
3;5;32.96794676472456;5.7362453525117605;17.308880402969958;30.778826258099564;5.545419951531711;15.19947925843721;231.02416972766292;2.304121934436758;2.5778678467186698;-3.023761256954047;3.8848483931752558;18.117123792347357;328.2301745072387;16.547797735279804;2.539308136261371;4.991695103963373;2.724447801240338;2.5666996169534197;3.764017452352306;0.11818344570495505;3.6865977858670265;0.11820748034707729;2.4924857422140376;4.942074239226103;23.090941091085842;110.81785605564697;0.059702891473608716;110.81785605564697;0.00355119615456753;0.46486643374313813;46.83757558731725;0.46482660044118157;14.260515856227922;137.71371442013643;46.834516521188945;5.45048303503737;5.465975201230264;11.049862529913032;11.049862529913032;21.295466102114162
3;6;30.72156795119122;5.536000156696588;17.59372473788299;31.155831126608398;5.569557601799033;15.134953719543025;229.0668240927092;2.3051453773872326;2.5837447691618545;-3.207081163254026;3.7536460376270977;17.964459210457406;322.7217947241879;16.499229387769947;2.539741883420164;5.039372996043504;2.7315359974269247;2.5394607663861293;3.758803584887235;0.11276003413741426;4.009159575640711;0.11278679899578235;2.5488522630691692;5.010730234541591;23.926969784381022;112.19099659789308;0.058915875987694384;112.19099659789308;0.003459270645708504;0.4681990517642058;47.35569435306389;0.468167640233802;14.006208733030682;138.94099747746117;47.35987258945433;5.497521948246191;5.53366379275196;11.203629006919847;11.203629006919849;21.62328996791651
3;7;44.14776297353706;6.641328647020554;17.763212297117864;29.60038152615764;5.428029931966762;15.561195866801064;242.15081680494652;2.2709289347279045;2.4013797907395666;-1.080388880061263;4.615932125311077;19.326379802401714;373.5089562666808;16.998380445609968;2.6609660974488927;5.498706509226141;2.8038016875227356;2.675084894689519;4.49871552460828;0.11758511815563312;3.937427641773474;0.11760094507419894;2.519463768392328;5.139452574986461;25.649015799637976;113.16198332846638;0.062270471053217355;113.16198332846638;0.0038601020906798727;0.46937076906740294;47.65024008653487;0.469346406963716;14.71021360684056;140.32196201186406;47.655831054713424;4.908890642846118;4.962042154711165;10.091913940789306;10.09191394078931;22.070006556830304
3;8;44.212415762571894;6.64304759608938;18.11840467826698;32.281591544587776;5.670189571892558;16.33969747454158;266.9857135595406;2.35950749986792;2.842054052179434;66.90144076562207;3.444601001181854;18.57500417033386;345.0307799279202;17.086120236485954;2.4565276550836277;4.704762589288595;2.679637596289062;2.48599407461021;3.289976082877544;0.10890798023766979;4.7184062355893595;0.1089297128200121;2.691196545136623;5.0389737673060075;24.00682064764149;108.37421651726197;0.06557982602849986;108.37421651726197;0.004283562376539037;0.4613210016561577;46.28771653118857;0.46128095483513876;15.250785046353293;139.3749167591565;46.29167715065777;4.885455834509932;4.887190547670198;10.021882141500614;10.021882141500612;20.142432698816876
3;9;108.22303414553329;10.402789793729882;17.89081807115463;39.58777735176589;6.276282297966548;19.93066002923922;397.2312092011139;2.135808571517123;1.85229538181866;66.90289634102749;3.7645451063070325;25.469330503136337;648.6867962779911;16.96399335623145;2.41856034353161;4.514976829664145;2.62756958841352;2.489515105423576;3.4023467622357693;0.12274914897920775;4.2186074524923125;0.12272934848167795;2.601024482754614;5.593975505211026;30.716140728452494;100.45512733718196;0.09022994572251411;100.45512733718196;0.008115564995172684;0.4387615243534669;43.545183544769834;0.43863165778125;18.48894322118416;134.02378378378378;43.55100872712054;4.346797048064188;4.3505785287146335;9.08075433336108;9.080754333361078;18.59133455195183
3;10;111.18530602900843;10.546245217139818;18.180872253314448;37.492189273232064;6.109397977957107;19.790980253999216;391.68289941418675;2.1416947476210044;1.8698202041245153;0.3863059149646282;4.113824959722821;25.392469189590514;644.7774915443035;17.5415912051299;2.4735772611373408;4.72536364593241;2.665042420312555;2.553571087518799;3.715401861614784;0.13003352885571262;3.6935160718152913;0.13000432444628288;2.5099105491528033;5.484231932421454;29.432330245440788;101.04449792551925;0.08973757462450714;101.04449792551925;0.008024163041280088;0.44231721380313105;43.771256077113605;0.4421922423440075;18.653950789468606;134.6813559322034;43.77548603015831;4.46922823864122;4.479420471805935;9.297096484669938;9.297096484669938;18.95193410301149
3;11;103.85144923700378;10.194332759074314;18.649442661382412;33.474546750742476;5.778407451843284;18.756189360119926;351.7946393126759;2.088664631325739;1.5836879940187742;66.88324163133109;4.921246295208828;25.17359947523781;633.7101105396932;18.289547988835846;2.674731573363253;5.739046188102572;2.818534933186787;2.697315553538526;4.806791196701042;0.14241424513708525;3.078729898279528;0.14239983852533789;2.3344653422295996;5.860286999412721;35.73682136307571;106.0561281731344;0.0830954614949454;106.0561281731344;0.0068729166531191765;0.4494510385756676;45.1182381438144;0.4493230461597065;17.98315434846426;132.23416373758883;45.117546214258006;4.449890803907844;4.484986869083742;9.309273977324764;9.309273977324766;22.277991262013963
3;12;48.365345054508914;6.953826144659524;17.42682011696663;33.81664450468197;5.806383533664489;16.33623769030632;266.8726618741847;2.183017590487542;1.9206795462589001;66.82202261387272;3.429713181821561;20.495321321041686;420.0581960527459;16.372940237142874;2.49680466411743;4.546205408071914;2.6530112370706633;2.4752317227301903;3.5583099148501196;0.11650834040323704;4.100920563546103;0.1165254125033667;2.5575925565256634;5.709540536827527;32.49077719508103;104.57217097972033;0.06838293004149794;104.57217097972033;0.004668799547529248;0.4389994171747989;44.4077170542717;0.4388316726884919;15.070520650490424;134.66489315212166;44.408748117960286;4.952636693102301;4.978136121661914;10.124910279004917;10.124910279004919;20.200689837222217
3;13;56.81259400458454;7.537121480327388;18.10120906185853;36.367305564241086;6.015277214003308;17.04845298108608;290.6497490483029;2.131251534831767;1.6866103961874916;-2.9603762699126417;3.1015143697146836;21.580135664067193;465.7022552795447;17.337425475435268;2.4237637676597967;4.212428417230304;2.5920722461425565;2.406403034492854;3.184152221394373;0.13691944739128176;2.496850668213181;0.1369383710460382;2.273573359785169;5.281076222140804;27.569042747894077;102.88863333855309;0.07155409364506479;102.88863333855309;0.00511284188029027;0.4376554181020983;43.794441596912;0.43750249473426295;15.879861026820981;131.62623112704972;43.800510883181964;4.723704744734364;4.730609330916865;9.847329610533317;9.847329610533318;21.528717341973525
3;14;45.94213018859435;6.775390802626832;17.72734886934831;34.46089569698133;5.860289824516184;16.16521861614903;261.31429290789106;2.1719372758351394;1.8986711576170743;5.527581929878428;3.309449030943255;20.432525928486825;417.48811581828636;17.8786387809066;2.454034324849647;4.585075733722097;2.6469449661618154;2.455426032005581;3.3119264646360618;0.14230531787208509;2.2310019030837998;0.14233658466754076;2.2189298391649137;5.0338081294455606;24.514313757430838;104.01558102687068;0.06725122557889394;104.01558102687068;0.004517138785165565;0.4447927193105176;44.225745977116816;0.44467247461651516;15.589741162465149;132.04596540199068;44.22807870874965;4.99415640003046;5.004630662409242;10.384294994177905;10.384294994177905;22.102702023657425
3;15;52.12958571378451;7.219794442460334;18.223931568446112;33.02753661285557;5.734118558999512;16.068499886425872;258.1966886000683;2.1320926109165517;1.7018981735501733;5.344885688887869;3.197071000798121;21.009404800483217;441.39509007056733;17.800630217849193;2.4675316820757422;4.535141764400886;2.652247243020506;2.4398785442362287;3.3464166750664335;0.14858697434191045;1.8707590605936755;0.14861934591011727;2.1374932452537587;5.00828605189797;24.383091086542088;103.89940617440608;0.06732147163237787;103.89940617440608;0.004525643934900364;0.44313391553032194;44.06669401575148;0.44298666183188906;15.422333091057745;131.3345288590604;44.07174785605576;4.954792903151772;5.000026029261358;10.219117004456495;10.219117004456495;22.93162697991164
3;16;45.54042697745556;6.743390845377026;18.04552147437906;34.71257596856688;5.876448449251371;16.4296419523449;269.9331346822516;2.2786509979048573;2.411304825882387;66.91426698868445;3.4373163191598746;19.405696799336162;376.5810682677658;16.69146099597503;2.450573865516787;4.843932497840402;2.6934811737434488;2.4693866600712235;3.3137815846720624;0.1209596525387541;3.6290915354237416;0.12099236935267899;2.499205270829457;4.998004214630127;23.81050275683766;102.74804189518866;0.06668713067172209;102.74804189518866;0.004444072765776613;0.4404606819891043;43.97243061973512;0.440308448489064;14.952547479397884;132.46948818897638;43.97810040904672;5.082865574757142;5.10856967450041;10.33717649574921;10.33717649574921;20.606882312968953
3;17;46.70723240206938;6.832033693558369;18.059112336070992;34.066500169603884;5.821515384788336;16.15565560845114;261.0052081388788;2.193765143585336;2.0092704219475515;66.8996144224221;3.665602958332637;20.408510480454606;416.50730003082555;17.13267785988058;2.526493866961743;4.983936773057995;2.7122843013101847;2.508234609671552;3.751310712383547;0.13016510626748937;3.083637917560047;0.13019898366177207;2.378849492585565;5.203145723553637;26.42756427352882;104.24190105474636;0.06673900799089512;104.24190105474636;0.004450701108358885;0.4421404408071616;44.286672949158245;0.44197982617289505;15.14088683391181;132.3460418486626;44.29231541938724;5.062908226639347;5.109062715449381;10.277687602125987;10.277687602125988;21.887154810337123
3;18;63.03024635093786;7.936442885752402;18.465981624798687;35.827668831044775;5.969976498467648;17.208035543101865;296.11648725265707;2.220196799294126;2.1375667302309758;66.90666133014096;2.7735859707672263;21.329634910063675;454.95332539660706;17.218566719226704;2.361224882794695;4.01986003995257;2.565536460759595;2.3567730539336442;2.800302203893713;0.1226008138430361;3.7243997157728153;0.12263654520625411;2.5158160642153047;5.047815302264617;24.253030938633128;99.4781413368466;0.07421036314619706;99.4781413368466;0.0055011758235138505;0.42696761055664845;42.664508009753696;0.42681747390798075;15.82820080518162;130.5770944956638;42.67028521239028;4.724917099139738;4.762236880913089;9.64547285979624;9.64547285979624;20.518284274503547
3;19;62.81753595561149;7.924520839360251;18.17121469259993;36.55667701511116;6.032980193971622;17.346990555147396;300.9180813203729;2.1987942193917114;2.027067964009925;66.87774389909944;2.6963686914802265;21.476530441755873;461.24135981566656;17.014755435670367;2.3508712580933273;3.967651911006545;2.556917809665964;2.344007141332814;2.750522563303833;0.126353131506832;3.5012398664126936;0.1263809193366993;2.4745742140256164;5.033569857294275;24.05067582554871;99.5286126199421;0.07447317533226094;99.5286126199421;0.005539573484171629;0.42923966882821657;42.71875159650945;0.42911117929984205;16.007195565646747;130.3622249923103;42.72299657821062;4.735691141511539;4.747665569418683;9.630301435945496;9.630301435945498;20.30916129733109
3;20;58.05951106741029;7.620637631921789;17.41023522532329;29.83908319526175;5.45204625001651;15.849582730134665;251.20927271938314;2.1974063073471024;2.027022041948091;66.8239119008137;5.145083887648211;20.591897632534028;424.02624810876057;17.05442332828884;2.768065949876548;6.426018061688223;2.9311604016699895;2.76432203749473;5.17082348100614;0.14528809808657736;2.284107133925879;0.1453161606760678;2.194540070790467;4.734892606628486;21.49891758721507;109.00391912004366;0.06543846507642263;109.00391912004366;0.004271611104042676;0.4547438827562645;45.833059275476366;0.45466349336373196;15.455585779254104;130.5441518475886;45.83775117907394;4.841513382639169;4.914605387294154;9.92756422988965;9.92756422988965;23.755707794404646
3;21;84.27823352326072;9.184432861548053;17.762577848695454;31.106278768807808;5.560538761862858;17.270316548234046;298.26383367620673;2.122899438543987;1.6490852925046324;66.90123084388178;4.1003582445421705;22.96511936856712;527.3967076125366;17.4035616109052;2.645136510591197;5.451038702107219;2.795742948511805;2.5983838542028344;4.425312574960622;0.15096206948698904;2.793986248991594;0.15100388421344677;2.2584818349229163;4.873467495655362;23.14972536763658;106.10061962452603;0.07476854665666001;106.10061962452603;0.005576795542604621;0.44659971259666076;44.8314812684084;0.44642958820451023;16.822478438366616;127.98689309988899;44.83926399134944;4.570931561922553;4.638872436839839;9.384503447914941;9.384503447914943;24.051526806242858
3;22;86.30976401237213;9.296150924960953;18.291783159761355;30.850474400976072;5.539786213876751;17.385954585372943;302.2714168446505;2.1366880915988036;1.7388841334490674;66.88252676352313;3.97698441192063;23.32108615303487;543.8730593572747;17.919279934523495;2.6399340774056568;5.466186983213461;2.7929847822475824;2.578089582983183;4.42850665359481;0.14969688054190966;2.1089607351233868;0.14971601801773718;2.163185891907714;5.095893387287422;25.72780095240607;105.76679811094313;0.07588337557463344;105.76679811094313;0.0057409229915592365;0.4490386383827678;44.86166311858797;0.4489006020276673;16.831723467122668;130.96131790219997;44.86857650524478;4.571254537848867;4.628007215702673;9.347022795780612;9.347022795780612;23.201758965992575
3;23;3.456992884577901;1.8120740248864966;20.828883038479614;2.438639234556871;1.579809359319704;4.254582939470588;18.10147598883419;5.0633393841386924;24.281621243182357;11.049991554352353;40.235892968083256;4.764087585288518;22.696530520300183;23.193382212385256;5.980654249654248;32.83712070036344;5.711798062433536;6.370464756621191;35.800552897285264;0.16290707647600858;19.922956251547898;0.16306346323710239;4.5794715246284206;7.432454048028007;56.338482745415064;141.36717544551496;0.01627844630620785;141.36717544551496;0.0002800555012716753;0.564930568591528;58.40514640106844;0.5646659476943062;4.709005819267736;144.9099277357192;58.36798040165832;4.431753515478191;4.4475208508519;9.743053522743768;9.743053522743768;21.17348922842599
3;24;1.6716199650141468;1.283109883364115;17.82521494922973;1.5868956771500256;1.2666658017197958;3.5396886391758264;12.529395662310407;5.660663221785459;31.56880850553133;-1.64550508833258;39.05271294264258;3.707018569781615;13.74198667670573;17.21692808026549;5.975037797401368;45.256250757692754;6.647004318137331;6.292505501714871;35.28703935420696;0.02238324621789069;53.1522778829139;0.02326086812300586;7.226015885680465;8.804109530058426;78.22006161712943;153.33357617170898;0.012739379600178836;153.33357617170898;0.00015544447738538832;0.6107531631529736;63.435035444477485;0.6107794303863042;3.5397565175587764;158.06270771383592;63.40453342068328;4.48940268528652;4.3679786381682995;9.227998534773725;9.227998534773727;17.707232815439085
3;25;1.67393839657563;1.273542498522561;16.90867706277783;1.6899207426441514;1.2827611907603753;3.58778637476665;12.872211070961216;5.543575448104946;29.82978663290237;0.4249024379037244;33.833969764953636;3.7330964999684997;13.936009478077066;16.393847126775725;5.873442207261126;43.54289600741746;6.56742806216133;5.923923657831336;33.80702874269105;0.02247082983726958;52.53138073144627;0.023289406041538507;7.163726830523868;8.807714661335629;77.67513204279102;152.86300618914768;0.012784666744169776;152.86300618914768;0.00015571178218330993;0.6093909662524816;63.27678666299565;0.6093167440912096;3.548483140925457;157.85398462076196;63.26996638110537;4.526225466641092;4.392521348828134;9.245420931809083;9.245420931809083;16.799683882897916
3;26;18.75532069293308;4.3260668465882635;15.534622728866596;44.9655793392352;6.695273494054447;17.61163644528798;310.16973828099594;2.4207830070302605;3.1982640394562223;3.6824510219926445;3.4568325796872603;17.024032786595;289.81769231906145;16.672084258636918;2.4397529495147037;4.40358624048392;2.601845410576813;2.4637235130104216;3.3133704170764284;0.10456664975426481;4.852408236497743;0.10459536674774897;2.6705369332869373;6.058152289517867;36.5675768474662;107.0134958502683;0.0666815140769775;107.0134958502683;0.004438454412409262;0.44846921314215676;45.371728671181955;0.4484150630350486;17.583588084696064;126.6638717743324;45.37513255246215;6.021578196921619;5.963922661300841;12.323810692729063;12.323810692729063;16.975375997169987
4;1;5.139620252212927;2.230618737445826;13.098967248705437;15.939334367901617;3.972341801444909;10.357903132672837;107.28615730583377;3.6842560385431087;11.838720723518161;0.3254321235271713;14.683937180676661;10.057623976978398;101.15580006229074;13.453822838718242;4.118396014426629;16.781741471649283;4.179767365102459;4.000095562332556;15.896494254219682;0.05761299633191618;12.998087438251813;0.05764271895083608;3.817825926642717;7.347779013738234;55.015808954996835;119.0753848642931;0.03649786641624562;119.0753848642931;0.0013220803122718932;0.48614323355345;50.25679670450957;0.4862375451101356;9.977843862974185;133.8838976084667;50.26816370481252;5.27494920161588;5.22133719274557;10.651974244610123;10.651974244610122;13.53383669562581
4;2;7.407051081440805;2.6732040505388377;12.12954275636453;11.931343709520576;3.457635851331441;9.424567293317251;88.82246866626528;3.828205359071484;12.846243882381891;-3.052458209092646;17.116332484723305;8.183777975100893;66.97422194574644;12.244182548884357;3.8709236260301885;15.184853098058692;4.098982198230439;4.253768521247248;13.371481526975643;0.061279456421355176;12.25220400984322;0.06125935366443843;3.6930688917154275;6.565283682514815;44.61750052661235;120.33112116719079;0.031226807197156734;120.33112116719079;0.000968358347467762;0.4969660964008276;51.007846777472544;0.49708503237151175;8.818933978618308;135.78205506315032;50.99332204755836;5.477951042066836;5.334584446782481;11.040735749393072;11.040735749393072;11.29498572557145
4;3;7.556509219818162;2.703783079159593;11.99882498577459;13.129584259372152;3.622110294350869;9.7637554994981;95.33092145397939;3.6518432113209682;11.354439613711392;-0.19317944384486574;13.556461342331843;8.833120479032798;78.02401739710861;12.304254048743216;3.66926300290878;14.096915871174172;3.9640840334081373;3.9027093934595407;11.581222230508882;0.06308629130030895;11.294892956194232;0.06305555038752099;3.5818100115240363;6.525228701284568;43.93284658736911;119.37768290354326;0.033524366436099115;119.37768290354326;0.0011157806768862652;0.49319496981595823;50.59063578072013;0.4932955398013543;9.17418478955564;134.91973712400912;50.58302790249061;5.520305494814049;5.393801338667766;11.16698405773341;11.16698405773341;11.596324912454717
4;4;7.571226763214142;2.707449622421728;12.042731149753541;13.18797065142197;3.6207946557045663;9.816432603303467;96.36234905519929;3.577899219343487;10.67416224436657;-3.2418926509069728;12.032127979786429;8.747534312865584;76.51935655476075;12.92731177682713;3.6504067845588426;14.094522385456198;3.9502470810374355;3.745323877057558;11.40985870905259;0.06739467167683583;10.437075396202598;0.06736712325766281;3.464914672566238;6.583877262102973;44.78110463584321;118.9419843133747;0.033203419830797845;118.9419843133747;0.0010946091988225382;0.49252165741892673;50.412483462384536;0.49261386537704294;9.427758523874132;134.09138069551244;50.41241923249996;5.579644858226438;5.44321563793123;11.416762792857059;11.416762792857059;11.718063732510872
4;5;5.590079013397416;2.3362258427983007;12.989838461903338;16.88848397184773;4.08828582110568;10.527450963249397;110.82722378362065;3.3978848495757767;9.545300716941705;-3.521819596200012;13.85072229424459;11.132267043490193;123.92736952757792;14.595200558706754;4.000514806582673;15.245178012562423;4.008689131574623;3.889455059827641;14.886416357941012;0.07012524549865796;10.062829412036884;0.0701375113949399;3.432816959256636;7.23371663566896;53.24872241418143;118.73715547430348;0.039231179648847384;118.73715547430348;0.0015294947560095945;0.4866819304896213;50.018896450057646;0.48678840901830567;10.96945754779432;132.1988600144819;50.03050107847191;5.328982477611024;5.30094621585864;10.976131097635514;10.976131097635514;14.50811855654243
4;6;6.647074129678795;2.5470787150480483;13.333921579500792;18.10459833768477;4.237085569980087;11.011663950219953;121.25674295257366;3.1852686337398173;7.866970958621348;-3.008844635514844;11.452374397264077;10.934845713864416;119.57085078601898;14.31437693828518;3.740544939790076;14.331365808837102;3.9090056530043724;3.6202337663826065;12.599214935797798;0.06945168803408966;11.452459227739489;0.06937831136206392;3.561527533220566;6.982853673715084;50.62213165518326;115.05280998528026;0.03942677515630075;115.05280998528026;0.0015507810011067017;0.4737579925426153;48.659631030482686;0.473703272641976;10.74830011358512;129.9533665124641;48.66898220164657;4.977007547837533;4.952538549602157;10.118486029842547;10.118486029842547;14.249594677321792
4;7;8.464062576174472;2.881496950331573;14.639725542277992;27.96356620545624;5.279219722648331;13.410384959900593;179.83842477272802;3.040895541564477;7.14061514226319;-0.5660161292652002;12.048795867020388;13.739915475978373;188.78527728703003;15.281038359177948;3.464618285934964;10.311777016475348;3.44325471338557;3.6106895916799266;10.577825677668573;0.08250438515927518;10.691968306617078;0.08251728762746297;3.401685404511515;6.491471716868979;42.982768052919276;108.67943827537918;0.04802242583128447;108.67943827537918;0.0023204576182988632;0.4520581250862902;46.12829472052195;0.451811438920654;12.595959113505423;126.72089300875471;46.12988106743457;4.85419462917432;4.852104497159795;9.838999541184865;9.838999541184867;15.800992314697936
4;8;6.924727090944659;2.6064630700778904;13.441244881928341;20.82342168946322;4.569418650024847;11.722204074347408;137.410068360647;3.201315410648543;8.043034546986387;-3.238225184517366;13.334186985856189;12.196351592455688;148.75099216679638;14.05703538994212;3.6667736817850276;14.068759519897402;3.8654844067054475;3.826914842700666;11.905947321470661;0.07003132520465212;10.843233008764603;0.07001046426099289;3.5180179029286998;7.071846075008643;51.445148742495526;115.56114718101614;0.042032641053970914;115.56114718101614;0.00176026625409969;0.4743416930022879;48.79584033069445;0.4743275389270359;11.324596996312094;130.15859979719986;48.78524559518956;5.407459146273301;5.3596707818465195;10.929151625511881;10.92915162551188;14.847356487219866
4;9;6.291127298419068;2.4797466680395646;13.274692745618475;17.917644881563174;4.212520086498833;10.824374781239465;117.16708940473288;3.4614931004036213;10.194083359106704;-0.18672811604545034;13.85297790295451;11.566516886703772;133.7843128904035;14.549154714622825;3.9743726383661047;15.419625980537024;4.028218246830541;3.890557816974137;14.604023958249996;0.0699396687301472;10.447361795042012;0.06995821833261674;3.4784187355220797;7.147907204905188;52.11824937636082;118.45636676329039;0.03977531409189834;118.45636676329039;0.0015723333705010979;0.48609192891453185;49.954055141418664;0.4861946291217422;10.986402073027161;133.30514705882354;49.965637323569254;5.4454547553871855;5.3995218414765835;11.16566748574234;11.165667485742341;15.050827823181917
4;10;6.181204522686595;2.4596055081894295;13.137885365203712;17.994388207703118;4.2254196509835955;10.80423464129944;116.73148618425488;3.310933801343864;8.863220246090115;-3.5206202626373;13.921671146155383;11.66539129139093;136.0813539812593;14.517834862984161;3.8717533371016963;15.024006070383646;3.969416116662507;3.88816167443487;13.527683886139748;0.07078108721498501;10.71277992076331;0.07075872550170167;3.505235537111412;7.122452410344965;51.665017693677626;117.7294777608262;0.04051687684755373;117.7294777608262;0.0016341919362507216;0.48300774556976883;49.641359039643625;0.4830423613186518;11.10739472358488;133.1713718606103;49.64856354887924;5.448519468101557;5.408372236826101;11.181995054057106;11.181995054057108;14.966257684933005
4;11;7.9486402687415865;2.819442007423544;13.39795308696554;22.53067963912265;4.744038210285327;11.477588016697657;131.73502668104163;3.175524791932249;7.979970448491471;-2.2257626027063346;15.064490643284639;15.045496539860162;226.36696613094418;14.433771706928002;4.1436756999809345;17.383281030619052;4.218100231959496;4.049298437753132;16.192369653998636;0.08211607901210292;9.178406459888167;0.08211627128444694;3.301708453076387;6.9480347371952496;50.188768089092996;117.19291558247232;0.04430894326988601;117.19291558247232;0.0019573459097728587;0.47300165862714366;48.98168685026553;0.47295937492475415;11.610868234797392;130.26377739119332;48.979453566048356;5.330376500424726;5.419366795582172;11.030554245120129;11.030554245120129;18.162753481897887
4;12;6.510689708606303;2.5134716916882884;13.686551156858481;17.217394323944863;4.144681247752898;10.733064925600521;115.19868269715612;3.555734175843871;10.884880804056323;-3.1681172577236127;15.39293929907296;10.893397165786658;118.6661018115688;14.383655851048792;3.9867383626094473;18.5738551860296;4.316593825632167;4.072046860820979;14.804429259894992;0.06673602882299769;11.473627408647344;0.06668815094123008;3.584654183268221;7.013629143674141;50.792694653036015;116.55750526493286;0.03801587397811422;116.55750526493286;0.0014367076181655803;0.47999074376370043;49.31496728080546;0.4800149712132511;10.443021254718763;133.91607216790342;49.311737840426794;5.153916824414712;5.1278663860964215;10.380692420933718;10.380692420933721;14.451684747809862
4;13;4.743567387032001;2.1638752431640786;12.431067918589019;15.23671738530401;3.88777203838607;9.70624562111919;94.21120405749546;3.576954353533063;10.948112813411951;-3.262132524706921;15.353198269036447;11.482706626085182;131.85255146074056;13.72651757893128;4.355539874079886;16.68247317321716;4.185138625992007;4.109374886263259;18.107654644138304;0.06253147969341553;12.492212193220427;0.06257204642487665;3.752761704637303;7.6593716329351285;60.27322545629438;120.5114284585647;0.037070160873063605;120.5114284585647;0.001362903998426119;0.48775689075890427;50.574622213935946;0.48787070642489283;10.221401478157064;134.5629799238447;50.583916882773025;5.353057578206745;5.395615489751533;11.019543052972702;11.019543052972702;15.074260596999702
4;14;5.204747547348531;2.266958054034745;12.209788030075005;15.849664732668561;3.963887923199355;9.93947475325145;98.79315837052292;3.343792837036467;9.1176466909642;-3.357673682713038;12.651964431695115;11.733189344490267;137.6677321936599;13.303455223063345;3.9328207245888667;14.566233971134043;3.9516523931774574;3.7909495204766994;13.99886984124129;0.06684982648344771;11.050365622664144;0.06688064915118319;3.566909906637391;7.486318714878637;57.82097273208003;119.3599913399908;0.037777277773171164;119.3599913399908;0.0014174444555581404;0.4842799571271294;50.12381043647948;0.4843468944003674;10.32571756310046;133.6674235833616;50.13351753651864;5.486411010359055;5.50064646529289;11.28394487401296;11.283944874012958;14.640992340095465
4;15;6.57408777664998;2.5312229025494823;13.07773696013602;17.902981537151025;4.212571918835069;10.84731451910563;117.66423227639984;3.3238681934518377;8.921550849791993;-3.455974174881356;11.72032073016427;11.435440518459167;130.76929985121768;13.921420557001142;3.6644893556473406;13.786904334747653;3.857685940267714;3.659735233775766;11.671501166794375;0.06852501284289059;10.736714355063674;0.06852283516859821;3.504723602886138;7.001596732666424;50.11816069573328;117.5858262323831;0.03939180783758447;117.5858262323831;0.0015435201769512699;0.48276894686869276;49.655447167766454;0.48281378275104064;10.687207116267421;134.0157712479452;49.66452874306695;5.700951399527425;5.622489771028698;11.642602129822917;11.642602129822917;14.334316959243127
4;16;7.542445844326286;2.706767823520228;13.728642672170952;16.60599421198632;4.084958323042732;10.65533990183445;113.53626842362542;3.4672272699554183;10.02993827701561;-3.1464741538886964;17.281763565925306;10.668502586081772;113.81694742923348;14.157270596445667;3.861652379467883;17.57910601994797;4.222861792859546;4.232200445649523;13.547384116434884;0.06575460391241283;11.557769678906297;0.0657331073525607;3.5921443041393046;6.8485967099367295;49.08875911948729;116.83931393055988;0.03753878497517186;116.83931393055988;0.0014013070674618686;0.48152499747854566;49.4678420495029;0.4815514124894006;10.114386481165715;132.27926490071357;49.45055172343228;5.302542271965402;5.229012952539038;10.674761341732966;10.674761341732966;14.153433910599414
4;17;8.490577404134008;2.868503925630691;12.748801821262294;13.311463289683015;3.6353955254792756;9.793745504923773;95.91745101521468;3.6237903563203013;11.045977426917679;-0.1885685196351841;13.2080430324549;9.230627744896461;85.20448856485233;12.955059564741948;3.594747089513162;14.19737930714177;3.9853275698089226;3.8528515025310215;10.899936994059402;0.06833911453615317;9.899295172531549;0.0683111479581084;3.405310362547881;6.20961317026823;38.98648455237851;119.8516393846512;0.033145655060181994;119.8516393846512;0.0010918345880756696;0.49671211492463685;50.823846183711964;0.4968123668925826;9.16778343855378;136.89835569654062;50.823541372429936;5.887312571308393;5.689678412260586;12.115200702649956;12.115200702649956;12.321816497401567
4;18;6.520858159312164;2.5505365116109213;13.382914283122048;26.37203535196511;5.134718440607984;12.84311735217407;164.9456633217147;3.066481888046988;7.055655000237717;-0.5699564564640108;12.725098608687032;13.606931963134695;185.1485974493766;14.526369002441129;3.780032417494827;13.59608961478861;3.8394602328810397;3.7969550654196698;12.620419849477113;0.07941464818355794;8.158992812584955;0.07943784340098345;3.141007180020979;6.836745274774077;47.86340307350224;113.33863625225304;0.04859787646588829;113.33863625225304;0.0023683527927243655;0.46029838108047766;47.5642911060181;0.4601207535038796;13.158542976122177;129.881960238675;47.559861359935965;4.7840041920145255;4.828544688624358;9.750644314664253;9.750644314664253;16.035990519302658
4;19;7.04257235792724;2.6174494860016746;13.288910360291203;17.946408708135802;4.217363680461807;11.037044279992967;121.81634643852547;3.2772841430500703;8.508329803630561;3.3559259126906023;11.550081835495046;10.680861128145448;114.08079443872846;14.309054297426947;3.638991797957002;14.135436758585154;3.8906135641334014;3.627868689238339;11.550201367738815;0.07385350514956546;10.431256039792965;0.07380223520292238;3.415303063282556;6.734900170032512;46.676470891046016;114.57746932214462;0.03928812283541255;114.57746932214462;0.0015393415260388772;0.4753138349842777;48.58095493630513;0.4752630724154548;10.85510324241357;131.69342207038804;48.58952620021217;5.172695156764771;5.130684289448477;10.479925673306365;10.479925673306363;13.793854528793755
4;20;9.096314097642969;3.010250544843534;15.06599981957932;23.508034952077743;4.831195864131206;11.719364775531455;137.3435107419674;3.034459880309619;7.042107488382127;-2.973906980944273;11.631139652226457;15.390959434033181;236.88163230005497;15.939190965280718;3.801066314818397;12.971711350638465;3.742139986905411;3.6314916325309774;13.23428185906905;0.09179763704149811;9.268174401784893;0.09179746278213542;3.2379278119611246;6.682678008941871;45.64167665005626;112.64817112213862;0.04452849203067452;112.64817112213862;0.001992924437367582;0.46025337161837687;47.27306229134856;0.4600430951956338;11.696411466813915;129.43341163205864;47.28474167600448;4.574557598655262;4.634998456172474;9.345600994423092;9.345600994423092;18.535940539581386
4;21;8.31485341431609;2.84294506792618;14.840452761973122;18.94707989744396;4.347737819508366;11.422456448782102;130.47251132432382;3.6949162244250653;12.228878654880914;-0.03888218406909494;16.89386877137044;10.629914146767751;112.99507476765316;14.67145351605066;4.07958653943204;21.433995863012665;4.572638529735878;4.208114380471138;15.969646513992664;0.06241860100108835;12.388183712988681;0.062340181833163956;3.6959446154776248;6.289845622876138;40.1023567176696;116.0286483368583;0.03844035013482523;116.0286483368583;0.0014654986630848158;0.47828977943802015;49.23393347594303;0.4783730665887239;10.355638495865655;131.02828599145633;49.23067267283764;4.779046653759001;4.726203451929147;9.541285522768375;9.541285522768371;14.55732356684162
5;1;57.221079590950595;7.563451797900774;16.279973035582948;7.9144201481137735;2.7961469157858927;14.684111638223818;215.62313460382018;3.4592930333079277;9.559852485854515;66.90378163454636;14.246799659912664;13.049021150862416;170.27695299565468;16.993137642427815;4.092247285866217;13.49474881080431;3.900976197836754;3.9502365533318797;15.786393362836431;0.045259631682766484;17.68659901958646;0.04611499575416622;4.4092613112638785;7.916310602782379;64.7848118422236;137.53330325867742;0.0494726700267164;137.53330325867742;0.002460327252463321;0.5576894703322365;57.69674536577629;0.5575145013953274;14.916161501577408;149.1503187332922;57.69982618617981;4.0610960165448615;4.079882032345822;8.383053652649167;8.383053652649167;13.078185274935372
5;2;67.88098105035247;8.241369370106039;21.691365395584498;58.873108753663956;7.659989404055459;19.833824107495612;393.3805787270741;1.9921831579660427;1.1201528668701926;-9.541331268851783;1.0173155876194606;25.6147766375579;656.1167821919819;23.365236415321622;2.027493284529027;1.8019191104537207;2.1388666101398903;1.9898848812945031;1.181405639927113;0.19780301465708638;0.45820300547281834;0.1978617294668017;1.814913966946081;5.639879039958022;31.351593367946954;84.23724878223545;0.09482905356637333;84.23724878223545;0.008978984394440458;0.37855504571353765;36.180810535434446;0.37846956341779614;20.940861898886077;127.69142836919592;36.18504853833805;4.727702899451479;4.748116563074975;9.627951058926858;9.62795105892686;25.18291701358487
5;3;19.469836229245963;4.399441610107078;20.40588977103428;66.21625491057122;8.131055021671873;20.68701413132631;427.9525536696947;2.196201875652576;2.0600226391053766;-6.224603865997967;0.8216784103658457;18.266309840664366;333.65807519515187;25.4063158655601;1.932360239363005;1.9871389200403762;2.171042848109353;1.9378525034678293;0.796995867760041;0.23417136526431406;-0.15304492332351272;0.23425472370742997;1.6466878716547386;4.655121256619085;19.98789255774841;87.50019570915906;0.07479628779352533;87.50019570915906;0.005603679671788887;0.40236075985234176;38.118639527191206;0.4022721695117948;25.090708744656897;124.73257052252934;38.12121645432992;6.241927361439078;6.172492739680556;12.72320762865418;12.723207628654183;20.222963456792602
5;4;26.089455993567427;5.097242813096142;22.446223293635807;81.86978231682525;9.045299198300134;22.598851508995025;510.70808952560674;1.9546200791046124;0.9787426703567697;9.0445255074552;0.5773437189818513;21.85861759691955;477.79916324836086;25.064160017932714;1.8501280673492908;1.3832975213832066;2.033639202662224;1.8673958464568903;0.4931507652256091;0.20630878769633548;0.5751634882957406;0.20638681063294237;1.8441453774953809;4.30817771488503;16.638514725136623;84.67317265040491;0.08481824668466609;84.67317265040491;0.007204835302185825;0.38950114462302987;36.755130432288176;0.38941310638381244;23.196999027366946;123.51406983741636;36.75465673900556;6.388418552487528;6.306385039130526;13.024210527789782;13.024210527789782;23.141171294256967
5;5;23.05190567247534;4.7934456332257795;22.420079940593805;62.551872533278335;7.905676746083551;20.318455916302632;412.8396508227334;2.192835880261605;2.057202187544969;-7.465163152701102;0.9996644889998878;18.697067193577794;349.5803216411632;29.931821817236937;1.9646490124928153;2.06759917383945;2.183822963463279;1.982599374888819;0.9363995100794242;0.27333030626162735;-0.48082940995589496;0.2734353585067396;1.532520313952028;4.722809445687059;20.85917376063819;89.82278007059854;0.07601031738389548;89.82278007059854;0.005783569951416945;0.41462437335362357;39.01411807747634;0.4145276768759901;28.22121102780876;125.0242605671507;39.01303135519352;6.376267083758517;6.304208824223196;13.245482334823786;13.245482334823782;22.616548045881213
5;6;14.468462796927414;3.7936859130314753;20.796388066844422;51.96581214384246;7.202719425947447;18.211345287788912;331.65309719107137;2.3167142762237276;2.649180691245224;-6.989852550716431;1.6614964956545926;17.046798863145384;290.59335148053475;28.714568733128573;2.1285186610430182;3.0101513318890794;2.3654650331898495;2.1316253498134277;1.6500531635692042;0.30734740328470156;-0.9712153290899463;0.30748848734977546;1.3819642708761906;5.602286256907914;30.713249646744252;88.94741270299603;0.06869059254947915;88.94741270299603;0.004728049901183304;0.40308833998785265;38.37658609340606;0.40297371206268345;28.620826757287734;119.53459216839498;38.3783629384764;6.347181526671433;6.287626607974207;13.06164547029994;13.06164547029994;21.250121750816362
5;7;28.757692836812613;5.3580383017662845;18.89366829774286;57.0716305643701;7.552430353666154;19.605162904939192;384.36241252920365;2.1608255429552887;1.8667213190961638;11.514918529470082;1.2396615164981482;18.658965913801573;348.15700897240913;22.377742441777766;2.0087847185053604;2.2266425369889555;2.2179880269044436;2.036694058817213;1.1211394888069082;0.18235350178558132;0.9315532637281234;0.18243416556078282;1.9290773655006452;4.7686507481191525;21.4722665940542;89.86489113582026;0.07444284179853321;89.86489113582026;0.005550361987198782;0.40351903095322306;38.8804635374998;0.40341434040305313;20.242134522097597;121.5502318127305;38.87956725590994;6.8542993039636375;6.692795560982812;14.443684094795142;14.443684094795145;20.71871897439479
5;8;34.766113352603924;5.893862003607398;19.969395389112293;63.56780067595254;7.968333023133622;20.777265908285333;431.69477862359594;2.086000626788416;1.528833912055389;-7.557417083415979;0.810683731732853;20.077701074334744;403.11408043034277;23.20428101648616;1.9317047436432793;1.646121967806315;2.105332209093946;1.940872076819485;0.7849342297698012;0.1901150120370989;0.8786141455894114;0.19016799057376935;1.9207331562692143;4.496357161977285;18.855356209824603;89.04605317254286;0.07997872630556409;89.04605317254286;0.006402529218387214;0.4068841527822832;38.69736931793047;0.4068087061028669;20.40279498656757;124.02119594028295;38.69739332917081;6.654874957778685;6.522691385426692;13.84827790056234;13.848277900562342;22.489746200163765
5;9;32.57701557799179;5.7071714161378475;20.991814712513865;64.22209973758214;8.011089723875093;20.606874712119247;424.64328540097966;2.03179916369913;1.2927907532997702;0.4927497530578173;0.7682172298175414;21.06210865619257;443.61242104526195;24.78569569974464;1.937201611419583;1.5089943578403258;2.0754533464002196;1.931667885939939;0.8046713591509915;0.19607480969837163;0.91467969533393;0.19614062695663062;1.9225796428312392;4.70592932457863;21.015421925410944;89.04787095397774;0.08194401767322848;89.04787095397774;0.006720491349454266;0.4041598836804831;38.464339920520764;0.4040846640353382;21.081757498068946;124.75141683196372;38.463783259821994;6.650886000949299;6.525536467687186;13.879765071356028;13.879765071356024;24.299370116248422
5;10;37.85328428327744;6.150549145886009;19.119648765924353;59.58704168060205;7.712574444548;20.410485592269318;416.5879221122335;2.170429909404296;1.9182559992431623;-7.182247847259594;0.9224581233095241;19.12341678939948;365.70506970108585;22.49028292463405;1.9582241465047836;1.8894288100388623;2.1585874244261753;1.967871980635472;0.8974353883914721;0.1959577805473659;0.9137727144125298;0.19600800538929566;1.9294356567237223;4.373797281980532;17.59293260045243;88.09277253553984;0.07688386377487291;88.09277253553984;0.005917505387387173;0.40750207097492924;38.51858785672394;0.4074263051252592;19.971995120720944;123.15912404837917;38.520086076383265;6.407085363356414;6.293447962886109;13.168361080309497;13.168361080309502;21.05659417531471
5;11;31.523056514609344;5.613086943856031;19.937799761014276;62.12354041473905;7.876781782094859;20.272200685201884;410.9621206210997;2.072705012449275;1.45720491154791;-7.55343019487976;0.8686406265827236;20.315318780770923;412.7121771643437;23.06966651565824;1.953077478847814;1.6114381678780996;2.0976914125646346;1.9549581661741058;0.8628004953078854;0.18443716868273682;1.0806760240381532;0.18450594214542534;1.9662644761030244;4.846311257221901;22.38236821498566;88.09261554979538;0.08099176080279319;88.09261554979538;0.006563834423392249;0.39769991650579795;38.08008376898186;0.3976163794150545;20.643632466630248;123.12542665640314;38.08034771881479;6.405139125855189;6.311339398143021;13.071103331400376;13.071103331400376;22.843684381621284
5;12;37.44101142680794;6.115847344105537;18.498559031902108;58.96174605403309;7.670748695871227;20.313462442930227;412.6367564203369;2.2114173605716596;2.1016611669555383;9.615582712198725;0.9599573939482706;18.496571496489402;342.12315712474424;20.437799944050994;1.9606477553897237;2.03651964595543;2.1901635263129506;1.9766271583160662;0.9048088498633002;0.18222544930874887;0.988277883499288;0.1822769329712226;1.9505811443999679;4.346164249129966;17.280476874281504;87.61382029565006;0.07483732073963541;87.61382029565006;0.005608316239242013;0.4031537565038393;38.375053457396916;0.40306553968444725;19.099118075373635;122.34730022561617;38.37653098569363;6.388930490987745;6.277100736424743;12.996943356616969;12.996943356616972;19.639048196254457
5;13;34.501929084258805;5.870406680042883;19.574786619008723;62.45850966452258;7.895701312186354;20.536034082807028;421.72869585021175;2.117962125788116;1.6593936368705187;11.364573976924024;0.8350128832719212;19.700250370812658;388.0998646727041;22.344742639021746;1.9410229481131946;1.7071459034670582;2.118691724285827;1.9461419843360266;0.817220218824906;0.1834189271481361;1.0606143779828825;0.18348210442213272;1.9651409294700084;4.565588310284086;19.48194357722529;87.64751858831706;0.0795162452454775;87.64751858831706;0.0063303527045070855;0.4002031131212105;38.154712897088174;0.4001155997397522;20.082694043585715;122.62743182295125;38.15690155246614;6.476792417769385;6.365558278253066;13.263099484937706;13.263099484937705;21.462438258407037
5;14;29.756721040712552;5.454210329388418;20.28687349054525;63.836719473835046;7.983013515339249;20.314486074930066;412.6783444885274;2.0190950025755825;1.2190434605537543;0.28386846141913447;0.8011489400552327;21.144038870340484;447.0703797504693;23.57062650061755;1.950498457090941;1.4799374297229368;2.0666253166600286;1.9367834099282284;0.8543637741898187;0.18085115811135635;1.1635141085554945;0.18092434327274315;1.979967641972016;4.991255954228416;23.890122185139877;89.39162839966583;0.08333977860513087;89.39162839966583;0.00694985735399676;0.39972381690809916;38.45649383831964;0.399634752357331;21.07623436081247;123.99794812680115;38.45811578930125;6.49415487791019;6.401472159013493;13.342269499849667;13.342269499849667;23.55845872003671
5;15;45.40466622441093;6.7357321913332235;17.98562368847848;53.55415517598176;7.309904460762489;20.245110507473402;409.86449945981;2.3040791401618934;2.561225741911964;-4.107715965758359;1.2346941960419686;17.370806858254138;301.74493090676907;18.935677201414464;1.97761443320945;2.772986276287913;2.3344576756792677;2.0392510056462942;0.9939894078581317;0.17631427569935307;0.8601981064628914;0.17636634564392617;1.9280320225058323;3.943758513757612;13.534096554332951;97.34495978520556;0.06887293036787745;97.34495978520556;0.004736929694516068;0.4508644325233721;42.83380306585082;0.45078373432863966;17.977605762804227;132.80252317375678;42.83450834899364;6.459567983468743;6.33175936471995;13.291570985857645;13.29157098585765;18.17470520401766
5;16;42.480787254256654;6.515535249248186;17.276453435555847;52.19304178760895;7.21835224162204;19.60727331599385;384.44516688808443;2.3199634525382486;2.632402046037309;8.832259439815449;1.2804133022423922;17.118554550296256;293.04490989146854;18.739660867859826;2.011901130123852;2.7356228280265995;2.328578928801593;2.0518588518537517;1.1398396456164352;0.18061926075277876;0.7925299688073788;0.180675902891503;1.910699798179434;4.053271107867105;14.487956933614935;90.26228753349251;0.06842128096464473;90.26228753349251;0.00468593416518903;0.4181374828630839;39.74245618525535;0.4180249391114978;17.646894656990185;123.71704928305633;39.742005550485665;6.422727873575443;6.29598787526364;13.241782753458953;13.241782753458953;17.704964064497627
5;17;32.897589551321666;5.733084171026522;20.083421678401375;62.723465530294206;7.9161302065107035;20.401322340682466;416.21395324842956;2.0908676798154913;1.5354262053628434;10.952658808724072;0.8375051357229015;19.969276961631795;398.77202237035846;22.05910028299038;1.9465839121932025;1.6916836505346575;2.1161036283197325;1.9480437951033043;0.8378276134941678;0.17364329550833296;1.288495673105694;0.1737114738621644;2.017924027320566;4.741533446833473;21.315305929601067;87.29823808373767;0.07919948375864663;87.29823808373767;0.006279291097455331;0.3934620392122423;37.84607732424567;0.39336527189976345;19.70517391229304;123.19819719408724;37.84630162249984;6.490604543445393;6.388655262311147;13.154241970526051;13.154241970526051;22.12950279606615
5;18;34.35162466452202;5.857159394754423;19.869733015014923;62.94964775441002;7.926878894758122;20.56990583057271;423.121025878629;2.108198068126946;1.6174122261882031;0.13817495492332746;0.8289164778959983;19.79444960669346;391.8202352319269;22.532323524791806;1.9423108895965928;1.6873436373490902;2.114472209285031;1.9445159764351798;0.8248246692001722;0.18224557704288882;1.1181505894309502;0.18230960650414998;1.9774860913631003;4.612235725001348;19.952592528366218;87.3298383972911;0.07948189251605053;87.3298383972911;0.00632438255837309;0.3973334900178881;37.96846926615883;0.3972439050263876;20.085608364060842;123.14680398373471;37.96982298997654;6.490184481822442;6.3793461338532245;13.26419873497651;13.264198734976505;21.717075448898346
5;19;27.09268527379127;5.20652570676608;20.158260902031067;56.60754698770867;7.521385282935985;18.762693160386284;352.03865463080626;1.956731700675604;0.9661713332049673;13.865194844391187;1.110430458758442;22.306203192599092;497.56670086951794;24.162081576535197;2.0482052124142407;1.6116700057653999;2.0963146266632204;2.0128360482229084;1.2689346020437577;0.18847844051290935;0.8702784761091564;0.18856816749591296;1.8969145503046683;5.208322036607746;26.382754002060306;93.42247418140046;0.08123639144997984;93.42247418140046;0.006605318743110447;0.4071502527315403;39.62407353894926;0.4070678316127969;20.876156604805004;126.52467162317998;39.62285360851524;6.517717587890632;6.445954149768792;13.55699172675921;13.556991726759211;25.08872565083406
5;20;29.644926695542406;5.445370589474909;20.562970458915743;63.16206988521403;7.9440907140915265;20.098344035789264;403.94343298094594;1.9850105781417433;1.0785499090533905;14.082260554958586;0.8163305378651291;21.78567933526805;474.6158240991255;24.226017960350063;1.9617799402184593;1.461530634375487;2.0632278674738065;1.9425078099370994;0.9001051947872729;0.1858612333700991;1.0363884668751888;0.18594355353774403;1.9466884764704837;5.0499811818294695;24.482022130982575;90.36876705003985;0.08317231464690604;90.36876705003985;0.0069224001319852305;0.4014305398085939;38.703334919084355;0.4013439797516125;21.231806614537458;125.36791397102814;38.70336470623184;6.576332511600088;6.4794111794862514;13.606064378800326;13.606064378800328;24.49951728589131
5;21;31.50642372547988;5.611032637203088;20.276022186267106;64.03153307960261;7.9952687041256185;20.527547453079556;421.38020443843277;2.0575133327764945;1.3851704160180152;-6.628711616957529;0.7668940514595906;20.38924592822221;415.7213495215261;22.770200251985067;1.940718593862632;1.5786496814874944;2.0912449048830837;1.9297259786505927;0.8165059076619614;0.177450252749231;1.2414424231332912;0.1775182097710967;2.0055351014317537;4.774371488027654;21.652705432265897;88.23979501195764;0.08063796471851312;88.23979501195764;0.006508339942391066;0.3973654058275172;38.180021821761514;0.39727658743724226;20.275067866813774;124.14685441205829;38.1813890380204;6.601037039974583;6.488683823479561;13.520595259096922;13.520595259096922;22.544811744536528
5;22;41.7096577598507;6.456879817351264;19.85908517405343;63.52296426130568;7.967431656467804;21.42350088469387;458.9663901564791;2.119315981621922;1.6882547652379722;-6.584177607252434;0.8254043467968102;19.759765898322183;390.44834835649635;22.71791487124861;1.906222304404825;1.823575085420365;2.1381404972133926;1.944310512816396;0.6900474175214066;0.1902135553113695;0.9497908253872533;0.1902601723563116;1.9372680241588212;4.232189473394119;16.35334874500976;95.0946680415888;0.07865004185632404;95.0946680415888;0.006186168334747932;0.4398240771610442;41.59126949818904;0.439754333004057;20.49441965673772;132.06069346593154;41.58901684021182;6.640811494409475;6.496667045237829;13.786017582850949;13.786017582850947;21.430241495920374
5;23;35.688262850774564;5.970708928243032;19.833845193033895;62.888170458519156;7.925664940538489;20.709400560303045;428.8792715670802;2.108858912720051;1.6258306709337171;-7.0983957666345185;0.7956011315959048;19.77037469898627;390.8677157383166;22.706004903134886;1.9315573288103418;1.6966657258703917;2.116177058937592;1.9379124545423745;0.7810332553579666;0.19020198122119025;0.9353701873363476;0.19025781276758147;1.9320198776995976;4.52446827866208;19.155626390297957;88.2393508075762;0.07915615709508467;88.2393508075762;0.006271814709867602;0.4047635643932537;38.45361765274321;0.4046820509619317;20.38384370869161;124.09043801924317;38.45370711968568;6.6027424385081925;6.474871761559837;13.635399364234567;13.635399364234566;21.798394638101684
5;24;32.62443005527495;5.707438707816197;20.092608143156216;62.86873017809906;7.922300226737507;20.47858530627202;419.37245614626;2.099418251329542;1.57123399230536;-6.4527963238917465;0.8221027865894754;19.723398971909756;389.01246700513116;22.41547173500548;1.9449976087116123;1.7063343625568477;2.1191144769444206;1.9426927889564762;0.8358138255758996;0.17787901939332057;1.163391480844945;0.17793656382216885;1.9907875084957218;4.608027354264194;19.845446387376914;87.49202584444262;0.0789016377969625;87.49202584444262;0.00623352962890795;0.39673313957315576;38.01964616070661;0.3966489048608695;19.891579818935995;123.98764425389322;38.0214768594893;6.576224781404704;6.461072369219573;13.469428166627017;13.469428166627022;21.718999491887235
5;25;28.741631493408274;5.360991032043724;21.421728238195172;64.94259236155875;8.055668446138315;20.513544403613473;420.8055039990217;1.9360553107179206;0.8754247654506639;12.623575776798784;0.8361189712211248;22.57783802517774;509.75876989116193;24.174863584974894;1.9498242485257695;1.4118752111750705;2.0495744327319074;1.944556893302151;0.8594690587282647;0.1691207028789002;1.5031384506422736;0.1691717235560541;2.048641416406421;5.085721043458969;24.883347025678788;98.20455253576421;0.08417378182669942;98.20455253576421;0.007087467472322455;0.4287757085332598;41.824265691821054;0.42872244127371345;21.393420772942246;133.98332833909942;41.8229841433753;6.588062741482279;6.498011669740134;13.585929289891467;13.585929289891467;25.305539403091313
